Employee_ID,Department,Job_Role,Monthly_Income,Attrition,risk_score,Risk_Category
702,"Research & Development","Research Scientist",3348,Yes,9,Critical
780,"Research & Development","Research Scientist",2686,Yes,8,Critical
881,"Research & Development","Research Scientist",2022,Yes,8,Critical
913,"Research & Development","Research Scientist",2559,No,8,Critical
1053,"Research & Development","Research Scientist",2042,Yes,8,Critical
1244,"Research & Development","Research Scientist",2235,No,8,Critical
1405,"Research & Development","Research Scientist",2394,Yes,8,Critical
1649,"Research & Development","Laboratory Technician",2166,Yes,8,Critical
1691,Sales,"Sales Representative",2655,Yes,8,Critical
33,"Research & Development","Research Scientist",3919,Yes,7,Critical
141,"Research & Development","Research Director",18172,No,7,Critical
163,Sales,"Sales Executive",6172,Yes,7,Critical
267,"Research & Development","Research Scientist",3564,No,7,Critical
382,Sales,"Sales Executive",5605,No,7,Critical
401,Sales,"Sales Executive",5828,Yes,7,Critical
846,Sales,"Sales Executive",4779,No,7,Critical
1106,"Research & Development","Laboratory Technician",3691,Yes,7,Critical
1157,Sales,"Sales Executive",8224,Yes,7,Critical
1277,Sales,Manager,18824,Yes,7,Critical
1299,"Research & Development","Laboratory Technician",3339,Yes,7,Critical
1389,"Research & Development","Manufacturing Director",6179,Yes,7,Critical
1489,Sales,"Sales Executive",4599,Yes,7,Critical
1667,Sales,"Sales Executive",4581,Yes,7,Critical
1669,Sales,"Sales Executive",4187,No,7,Critical
1758,Sales,"Sales Executive",8564,Yes,7,Critical
1797,Sales,"Sales Executive",5813,Yes,7,Critical
1968,Sales,"Sales Executive",10448,Yes,7,Critical
4,"Research & Development","Laboratory Technician",2090,Yes,6,High
19,"Research & Development","Laboratory Technician",2028,Yes,6,High
45,"Research & Development","Research Scientist",2293,Yes,6,High
47,Sales,"Sales Representative",2683,Yes,6,High
133,"Human Resources","Human Resources",2073,Yes,6,High
137,"Research & Development","Laboratory Technician",2926,Yes,6,High
167,Sales,"Sales Representative",1675,Yes,6,High
297,"Research & Development","Research Scientist",2657,Yes,6,High
315,"Research & Development","Research Scientist",2389,Yes,6,High
325,"Research & Development","Laboratory Technician",2436,Yes,6,High
328,"Research & Development","Laboratory Technician",2707,Yes,6,High
394,"Research & Development","Laboratory Technician",2373,Yes,6,High
454,"Research & Development","Laboratory Technician",2119,Yes,6,High
478,Sales,"Sales Representative",2174,Yes,6,High
485,Sales,"Sales Representative",2851,Yes,6,High
514,"Research & Development","Research Scientist",2285,Yes,6,High
608,"Human Resources","Human Resources",2741,Yes,6,High
614,Sales,"Sales Representative",1878,Yes,6,High
622,"Research & Development","Laboratory Technician",2340,Yes,6,High
647,"Research & Development","Laboratory Technician",2886,Yes,6,High
701,"Research & Development","Research Scientist",1009,Yes,6,High
741,"Research & Development","Research Scientist",2216,Yes,6,High
752,"Research & Development","Research Scientist",2759,Yes,6,High
811,"Research & Development","Laboratory Technician",1601,Yes,6,High
816,"Research & Development","Laboratory Technician",2319,Yes,6,High
848,"Research & Development","Research Scientist",2366,Yes,6,High
896,Sales,"Sales Representative",2800,Yes,6,High
911,"Research & Development","Laboratory Technician",2795,Yes,6,High
918,"Research & Development","Laboratory Technician",2380,Yes,6,High
927,"Research & Development","Laboratory Technician",2778,Yes,6,High
932,"Research & Development","Laboratory Technician",2404,Yes,6,High
952,Sales,"Sales Representative",2413,Yes,6,High
959,Sales,"Sales Representative",2121,Yes,6,High
960,"Research & Development","Laboratory Technician",2973,Yes,6,High
991,"Research & Development","Research Scientist",2321,Yes,6,High
994,"Research & Development","Research Scientist",2404,Yes,6,High
1004,"Research & Development","Research Scientist",2132,Yes,6,High
1016,"Research & Development","Research Scientist",2600,Yes,6,High
1042,"Research & Development","Laboratory Technician",2743,Yes,6,High
1077,Sales,"Sales Representative",2323,Yes,6,High
1079,"Research & Development","Laboratory Technician",1416,Yes,6,High
1081,"Research & Development","Research Scientist",2461,Yes,6,High
1108,"Research & Development","Research Scientist",2313,Yes,6,High
1111,"Research & Development","Laboratory Technician",2596,Yes,6,High
1175,"Research & Development","Laboratory Technician",2515,Yes,6,High
1200,"Research & Development","Research Scientist",2936,Yes,6,High
1203,"Research & Development","Research Scientist",2853,Yes,6,High
1210,"Research & Development","Research Scientist",2107,Yes,6,High
1248,"Research & Development","Research Scientist",1859,Yes,6,High
1273,Sales,"Sales Representative",1118,Yes,6,High
1292,"Research & Development","Research Scientist",2372,No,6,High
1331,Sales,"Sales Representative",2302,Yes,6,High
1522,"Research & Development","Research Scientist",2362,Yes,6,High
1569,"Research & Development","Laboratory Technician",2074,Yes,6,High
1604,"Research & Development","Laboratory Technician",2408,Yes,6,High
1624,Sales,"Sales Representative",1569,Yes,6,High
1702,Sales,"Sales Representative",2275,Yes,6,High
1767,"Research & Development","Research Scientist",2437,Yes,6,High
1783,"Research & Development","Laboratory Technician",2398,Yes,6,High
1792,"Research & Development","Research Scientist",2342,Yes,6,High
1818,"Human Resources","Human Resources",2148,Yes,6,High
1844,"Human Resources","Human Resources",2335,Yes,6,High
1868,"Research & Development","Research Scientist",2439,Yes,6,High
1878,"Research & Development","Research Scientist",2472,Yes,6,High
1905,"Research & Development","Research Scientist",2307,Yes,6,High
1939,"Research & Development","Research Scientist",2432,Yes,6,High
1944,"Human Resources","Human Resources",2863,Yes,6,High
2032,"Research & Development","Laboratory Technician",2339,Yes,6,High
1,Sales,"Sales Executive",5993,Yes,5,High
10,"Research & Development","Laboratory Technician",2670,No,5,High
21,"Research & Development","Research Scientist",3298,No,5,High
51,"Research & Development","Research Scientist",3419,No,5,High
64,"Research & Development","Laboratory Technician",5381,Yes,5,High
65,"Research & Development","Laboratory Technician",3441,Yes,5,High
68,Sales,"Sales Executive",5454,No,5,High
90,"Research & Development","Research Scientist",3388,Yes,5,High
103,"Human Resources","Human Resources",5021,No,5,High
142,Sales,"Sales Executive",5744,Yes,5,High
147,"Research & Development","Laboratory Technician",6074,Yes,5,High
161,"Research & Development","Research Scientist",4963,Yes,5,High
175,Sales,"Sales Executive",4559,Yes,5,High
190,"Research & Development","Laboratory Technician",4200,Yes,5,High
214,"Research & Development","Research Scientist",3346,No,5,High
248,Sales,"Sales Representative",3140,Yes,5,High
261,"Research & Development","Manufacturing Director",5916,Yes,5,High
282,"Research & Development","Healthcare Representative",6673,Yes,5,High
331,"Research & Development","Laboratory Technician",3730,Yes,5,High
351,"Research & Development","Laboratory Technician",2593,No,5,High
376,"Research & Development",Manager,11849,Yes,5,High
390,"Research & Development","Healthcare Representative",4741,No,5,High
392,"Research & Development","Laboratory Technician",3161,Yes,5,High
433,"Research & Development","Research Scientist",4941,Yes,5,High
440,"Research & Development","Research Scientist",3464,Yes,5,High
445,Sales,"Sales Executive",5238,Yes,5,High
488,Sales,"Sales Executive",9355,Yes,5,High
492,Sales,"Sales Executive",6380,Yes,5,High
502,Sales,"Sales Executive",5304,Yes,5,High
554,Sales,"Sales Representative",3202,Yes,5,High
582,"Research & Development",Manager,13610,Yes,5,High
590,"Human Resources","Human Resources",9950,Yes,5,High
650,Sales,"Sales Executive",4233,Yes,5,High
699,"Research & Development","Manufacturing Director",8847,No,5,High
723,Sales,"Sales Executive",6796,Yes,5,High
785,Sales,"Sales Executive",6397,Yes,5,High
787,"Research & Development",Manager,19859,Yes,5,High
803,"Research & Development","Manufacturing Director",5980,No,5,High
825,"Research & Development","Research Director",19246,Yes,5,High
842,Sales,"Sales Executive",5160,Yes,5,High
904,Sales,"Sales Executive",7642,No,5,High
926,"Research & Development","Manufacturing Director",4171,Yes,5,High
967,Sales,"Sales Executive",10325,Yes,5,High
986,Sales,"Sales Executive",13194,Yes,5,High
1010,"Research & Development","Laboratory Technician",3743,Yes,5,High
1015,"Research & Development","Research Director",11416,No,5,High
1033,"Research & Development","Healthcare Representative",4777,Yes,5,High
1082,"Research & Development","Healthcare Representative",8722,Yes,5,High
1100,Sales,"Sales Executive",9582,Yes,5,High
1113,Sales,"Sales Executive",4728,Yes,5,High
1165,Sales,"Sales Executive",7336,Yes,5,High
1167,Sales,"Sales Executive",13758,Yes,5,High
1242,"Research & Development","Research Director",13191,No,5,High
1318,Sales,"Sales Executive",9094,Yes,5,High
1319,Sales,"Sales Executive",8446,Yes,5,High
1321,"Research & Development",Manager,11916,No,5,High
1360,"Research & Development","Manufacturing Director",10008,Yes,5,High
1372,Sales,"Sales Executive",13695,Yes,5,High
1380,Sales,"Sales Executive",4614,Yes,5,High
1420,"Research & Development","Laboratory Technician",4284,Yes,5,High
1421,"Research & Development","Healthcare Representative",7553,Yes,5,High
1425,Sales,"Sales Executive",9278,No,5,High
1439,Sales,"Sales Representative",4400,Yes,5,High
1458,"Research & Development","Laboratory Technician",3646,Yes,5,High
1460,"Research & Development","Healthcare Representative",10851,No,5,High
1464,"Research & Development","Laboratory Technician",3722,Yes,5,High
1487,Sales,"Sales Executive",5765,Yes,5,High
1494,"Research & Development","Laboratory Technician",3172,Yes,5,High
1537,"Research & Development","Research Scientist",4084,Yes,5,High
1541,Sales,"Sales Representative",2308,No,5,High
1562,Sales,"Sales Executive",9714,Yes,5,High
1586,"Research & Development","Laboratory Technician",4723,No,5,High
1594,"Research & Development","Laboratory Technician",5562,No,5,High
1645,Sales,"Sales Executive",5440,Yes,5,High
1684,"Research & Development","Laboratory Technician",3989,Yes,5,High
1724,"Research & Development","Manufacturing Director",6516,No,5,High
1733,Sales,"Sales Executive",6134,Yes,5,High
1862,Sales,"Sales Executive",9907,Yes,5,High
1933,Sales,"Sales Executive",9854,Yes,5,High
1967,Sales,"Sales Executive",5617,Yes,5,High
2027,"Research & Development","Research Scientist",4787,Yes,5,High
2055,Sales,"Sales Executive",10854,Yes,5,High
2064,"Research & Development","Manufacturing Director",6142,No,5,High
31,"Research & Development","Research Scientist",2960,Yes,4,High
42,Sales,"Sales Representative",2086,Yes,4,High
55,"Research & Development","Laboratory Technician",2293,Yes,4,High
78,"Research & Development","Manufacturing Director",6162,No,4,High
235,Sales,"Sales Representative",2325,Yes,4,High
243,"Research & Development","Laboratory Technician",1102,Yes,4,High
300,"Research & Development","Research Scientist",2058,Yes,4,High
405,"Research & Development","Laboratory Technician",1420,Yes,4,High
436,Sales,"Sales Executive",5228,No,4,High
474,"Research & Development","Research Scientist",5974,No,4,High
494,Sales,"Sales Representative",2716,Yes,4,High
529,"Research & Development","Research Scientist",4449,No,4,High
555,Sales,"Sales Representative",2351,Yes,4,High
565,"Research & Development","Research Scientist",2546,Yes,4,High
566,"Human Resources","Human Resources",2564,Yes,4,High
630,"Research & Development","Research Scientist",5577,No,4,High
648,Sales,"Sales Representative",2033,Yes,4,High
903,Sales,"Sales Executive",4537,No,4,High
922,Sales,"Sales Representative",2044,Yes,4,High
923,"Research & Development","Research Scientist",2693,Yes,4,High
961,"Research & Development","Healthcare Representative",5855,No,4,High
977,"Research & Development","Research Scientist",2479,Yes,4,High
1017,"Research & Development","Laboratory Technician",2422,Yes,4,High
1034,"Research & Development","Healthcare Representative",6385,No,4,High
1107,"Research & Development","Laboratory Technician",2377,Yes,4,High
1156,"Research & Development","Laboratory Technician",1904,Yes,4,High
1160,"Research & Development","Laboratory Technician",2610,Yes,4,High
1219,"Research & Development","Laboratory Technician",2210,Yes,4,High
1241,"Research & Development","Research Scientist",3579,No,4,High
1279,"Research & Development","Laboratory Technician",2625,Yes,4,High
1294,"Research & Development","Manufacturing Director",5410,No,4,High
1333,"Research & Development","Laboratory Technician",2362,Yes,4,High
1379,Sales,"Sales Representative",2785,Yes,4,High
1402,"Research & Development","Research Scientist",4081,No,4,High
1427,Sales,"Sales Representative",1359,Yes,4,High
1433,"Research & Development","Research Scientist",1261,Yes,4,High
1467,"Human Resources","Human Resources",2742,Yes,4,High
1486,Sales,"Sales Representative",2909,Yes,4,High
1504,"Research & Development","Laboratory Technician",2561,Yes,4,High
1534,"Research & Development","Laboratory Technician",2018,Yes,4,High
1549,"Research & Development","Laboratory Technician",5207,No,4,High
1640,"Research & Development","Research Scientist",3936,No,4,High
1692,"Research & Development","Laboratory Technician",1393,Yes,4,High
1706,Sales,"Sales Executive",7847,No,4,High
1714,"Human Resources","Human Resources",1555,Yes,4,High
1737,"Research & Development","Laboratory Technician",6472,No,4,High
1747,"Human Resources","Human Resources",2180,Yes,4,High
1752,Sales,"Sales Representative",2760,Yes,4,High
1780,Sales,"Sales Representative",2679,Yes,4,High
1842,"Human Resources","Human Resources",2956,Yes,4,High
1876,Sales,"Sales Representative",1081,Yes,4,High
1907,"Research & Development","Laboratory Technician",2587,Yes,4,High
1928,Sales,"Sales Representative",1091,Yes,4,High
1932,"Research & Development","Research Scientist",5747,No,4,High
1960,"Research & Development","Laboratory Technician",2367,Yes,4,High
2009,"Research & Development","Healthcare Representative",4878,No,4,High
2023,Sales,"Sales Representative",1790,Yes,4,High
5,"Research & Development","Research Scientist",2909,No,3,Medium
22,"Research & Development","Laboratory Technician",2935,No,3,Medium
27,Sales,"Sales Representative",3407,Yes,3,Medium
58,"Research & Development","Research Director",19545,Yes,3,Medium
79,"Research & Development","Laboratory Technician",2406,No,3,Medium
118,Sales,"Sales Executive",9619,Yes,3,Medium
165,"Research & Development","Healthcare Representative",10312,Yes,3,Medium
177,"Human Resources","Human Resources",2942,No,3,Medium
179,"Research & Development","Manufacturing Director",10650,Yes,3,Medium
205,Sales,"Sales Representative",2306,No,3,Medium
224,"Research & Development","Research Scientist",2566,No,3,Medium
238,"Research & Development","Laboratory Technician",2088,No,3,Medium
281,"Research & Development","Laboratory Technician",2741,No,3,Medium
283,Sales,"Sales Executive",7639,Yes,3,Medium
284,"Research & Development","Research Scientist",2328,No,3,Medium
291,Sales,"Sales Executive",10400,Yes,3,Medium
299,Sales,"Sales Executive",6696,Yes,3,Medium
311,Sales,"Sales Representative",2793,No,3,Medium
342,"Research & Development","Manufacturing Director",10048,Yes,3,Medium
355,"Research & Development","Laboratory Technician",3479,Yes,3,Medium
364,"Research & Development","Laboratory Technician",3485,Yes,3,Medium
391,"Research & Development","Research Scientist",2115,No,3,Medium
403,"Research & Development","Research Scientist",2326,No,3,Medium
426,"Research & Development","Research Scientist",2695,No,3,Medium
434,"Research & Development","Research Scientist",2478,No,3,Medium
470,"Human Resources","Human Resources",2696,No,3,Medium
483,"Research & Development","Laboratory Technician",2213,No,3,Medium
493,"Research & Development","Research Scientist",2657,No,3,Medium
510,"Research & Development","Research Scientist",3102,Yes,3,Medium
538,"Research & Development","Laboratory Technician",4031,Yes,3,Medium
556,"Research & Development","Laboratory Technician",1702,No,3,Medium
571,"Research & Development","Laboratory Technician",2564,No,3,Medium
579,"Research & Development","Research Scientist",2768,No,3,Medium
584,"Research & Development","Laboratory Technician",3408,Yes,3,Medium
587,"Research & Development","Healthcare Representative",9824,Yes,3,Medium
593,"Research & Development","Laboratory Technician",3894,Yes,3,Medium
631,Sales,"Sales Executive",4707,Yes,3,Medium
639,"Research & Development","Research Scientist",2725,No,3,Medium
666,Sales,"Sales Representative",2579,No,3,Medium
667,Sales,"Sales Representative",3041,Yes,3,Medium
683,"Research & Development","Research Scientist",2691,No,3,Medium
684,Sales,"Sales Executive",4286,Yes,3,Medium
686,"Research & Development","Laboratory Technician",2659,No,3,Medium
705,"Research & Development","Research Scientist",2819,No,3,Medium
720,Sales,"Sales Executive",4577,Yes,3,Medium
763,"Research & Development","Research Scientist",2342,No,3,Medium
796,Sales,"Sales Executive",5326,Yes,3,Medium
802,"Research & Development","Research Scientist",2782,No,3,Medium
819,Sales,"Sales Executive",5324,Yes,3,Medium
828,"Research & Development","Research Scientist",4382,Yes,3,Medium
840,Sales,"Sales Executive",7654,Yes,3,Medium
874,"Research & Development","Laboratory Technician",2818,No,3,Medium
875,"Research & Development","Research Scientist",2515,No,3,Medium
895,"Research & Development","Research Scientist",2356,No,3,Medium
910,"Human Resources","Human Resources",2277,No,3,Medium
939,"Research & Development","Research Scientist",2799,No,3,Medium
941,Sales,"Sales Representative",2329,No,3,Medium
970,Sales,"Sales Executive",10609,Yes,3,Medium
1019,"Research & Development","Laboratory Technician",2451,No,3,Medium
1037,Sales,"Sales Executive",4969,Yes,3,Medium
1038,Sales,Manager,19845,Yes,3,Medium
1052,"Research & Development","Laboratory Technician",4834,Yes,3,Medium
1055,Sales,"Sales Representative",2220,No,3,Medium
1098,"Human Resources","Human Resources",10482,Yes,3,Medium
1101,"Research & Development","Research Scientist",4508,Yes,3,Medium
1127,"Research & Development","Healthcare Representative",12169,Yes,3,Medium
1131,"Research & Development","Research Scientist",2070,No,3,Medium
1152,"Human Resources","Human Resources",2844,No,3,Medium
1154,"Research & Development","Research Scientist",2703,No,3,Medium
1188,Sales,"Sales Executive",5346,Yes,3,Medium
1202,"Research & Development","Research Scientist",2168,No,3,Medium
1246,"Research & Development","Research Scientist",2011,No,3,Medium
1269,"Research & Development","Research Scientist",2994,No,3,Medium
1275,"Research & Development","Research Scientist",2875,No,3,Medium
1286,"Research & Development","Laboratory Technician",2154,No,3,Medium
1295,"Research & Development","Healthcare Representative",7978,Yes,3,Medium
1297,"Research & Development","Laboratory Technician",2838,No,3,Medium
1309,"Research & Development","Laboratory Technician",4883,Yes,3,Medium
1310,"Research & Development","Research Scientist",3904,Yes,3,Medium
1394,"Research & Development","Research Scientist",2996,No,3,Medium
1448,"Research & Development","Research Scientist",2127,No,3,Medium
1457,Sales,"Sales Executive",10096,Yes,3,Medium
1459,"Research & Development","Manufacturing Director",7446,Yes,3,Medium
1556,Sales,"Sales Representative",2644,No,3,Medium
1572,"Research & Development","Manufacturing Director",10169,Yes,3,Medium
1573,"Research & Development","Manufacturing Director",4855,Yes,3,Medium
1576,"Research & Development","Research Scientist",2367,No,3,Medium
1605,"Research & Development","Research Scientist",2814,No,3,Medium
1639,Sales,"Sales Executive",10306,Yes,3,Medium
1674,"Research & Development","Laboratory Technician",2587,No,3,Medium
1693,"Research & Development","Laboratory Technician",2570,No,3,Medium
1701,"Research & Development","Research Scientist",2929,No,3,Medium
1716,Sales,"Sales Executive",12936,Yes,3,Medium
1734,Sales,"Sales Executive",6735,Yes,3,Medium
1755,"Research & Development","Research Scientist",2932,No,3,Medium
1761,Sales,"Sales Executive",8161,Yes,3,Medium
1807,"Research & Development","Laboratory Technician",5346,Yes,3,Medium
1809,"Research & Development","Manufacturing Director",4213,Yes,3,Medium
1821,"Research & Development","Healthcare Representative",8926,Yes,3,Medium
1850,"Research & Development","Laboratory Technician",2379,No,3,Medium
1869,Sales,"Sales Executive",7314,Yes,3,Medium
1893,"Research & Development","Research Scientist",2933,No,3,Medium
1918,"Research & Development","Laboratory Technician",2544,No,3,Medium
1937,"Research & Development","Research Scientist",2133,No,3,Medium
1952,"Research & Development","Laboratory Technician",2867,No,3,Medium
1961,Sales,"Sales Representative",2858,No,3,Medium
1972,"Human Resources","Human Resources",2991,No,3,Medium
1974,"Research & Development","Laboratory Technician",1129,No,3,Medium
2003,"Research & Development","Laboratory Technician",2660,No,3,Medium
2020,"Research & Development","Research Scientist",2436,No,3,Medium
2021,Sales,"Sales Representative",2380,No,3,Medium
2044,Sales,"Sales Executive",6728,Yes,3,Medium
13,"Research & Development","Healthcare Representative",5237,No,2,Medium
15,"Research & Development","Laboratory Technician",4193,No,2,Medium
24,"Research & Development","Research Scientist",3944,No,2,Medium
40,"Research & Development","Healthcare Representative",6465,No,2,Medium
60,Sales,"Sales Executive",4568,No,2,Medium
62,Sales,"Sales Executive",5772,No,2,Medium
70,"Research & Development","Healthcare Representative",9884,No,2,Medium
72,Sales,"Sales Executive",4157,No,2,Medium
73,"Research & Development","Research Director",13458,No,2,Medium
75,"Research & Development","Laboratory Technician",4014,No,2,Medium
80,"Research & Development","Research Director",18740,No,2,Medium
84,"Research & Development",Manager,14756,No,2,Medium
101,"Research & Development","Research Director",13245,No,2,Medium
104,"Research & Development","Laboratory Technician",5126,No,2,Medium
107,"Research & Development","Research Scientist",5329,No,2,Medium
117,"Research & Development","Healthcare Representative",4152,No,2,Medium
120,Sales,"Sales Executive",5441,No,2,Medium
121,Sales,"Sales Executive",5209,No,2,Medium
124,"Research & Development","Healthcare Representative",10673,No,2,Medium
125,Sales,"Sales Executive",5010,No,2,Medium
126,"Research & Development","Research Director",13549,No,2,Medium
128,Sales,"Sales Executive",4999,No,2,Medium
145,"Research & Development","Healthcare Representative",7484,No,2,Medium
148,"Human Resources",Manager,17328,No,2,Medium
158,Sales,Manager,16959,No,2,Medium
170,"Research & Development","Manufacturing Director",6567,No,2,Medium
176,Sales,"Sales Executive",8189,No,2,Medium
182,Sales,"Sales Executive",5902,No,2,Medium
184,"Human Resources","Human Resources",6347,No,2,Medium
193,"Research & Development","Research Scientist",4317,No,2,Medium
223,"Research & Development","Healthcare Representative",9439,No,2,Medium
233,"Research & Development","Research Scientist",3058,No,2,Medium
239,"Research & Development","Laboratory Technician",3072,No,2,Medium
240,Sales,"Sales Executive",5006,No,2,Medium
241,"Research & Development","Research Scientist",4257,No,2,Medium
246,"Research & Development","Research Scientist",3929,No,2,Medium
275,"Research & Development","Manufacturing Director",6804,No,2,Medium
277,"Research & Development","Research Scientist",3815,No,2,Medium
298,Sales,Manager,13591,No,2,Medium
306,"Research & Development","Research Director",12185,No,2,Medium
327,Sales,Manager,16064,No,2,Medium
329,Sales,Manager,19068,No,2,Medium
334,"Research & Development","Research Scientist",3072,No,2,Medium
339,"Research & Development","Manufacturing Director",5957,No,2,Medium
340,"Research & Development","Research Scientist",3920,No,2,Medium
347,"Research & Development","Research Scientist",6545,No,2,Medium
361,Sales,"Sales Executive",5249,No,2,Medium
363,Sales,Manager,16872,No,2,Medium
367,"Research & Development","Healthcare Representative",5582,No,2,Medium
372,"Research & Development","Healthcare Representative",13496,No,2,Medium
373,"Research & Development","Laboratory Technician",3210,No,2,Medium
374,"Research & Development",Manager,19045,No,2,Medium
380,"Research & Development","Research Director",13603,No,2,Medium
384,"Research & Development","Manufacturing Director",6397,No,2,Medium
385,"Research & Development","Research Director",19144,No,2,Medium
386,"Research & Development","Research Director",17584,No,2,Medium
387,Sales,"Sales Executive",4907,No,2,Medium
389,"Research & Development","Laboratory Technician",5415,No,2,Medium
396,"Research & Development","Research Director",18665,No,2,Medium
397,"Research & Development","Research Scientist",4485,No,2,Medium
416,Sales,"Sales Executive",6929,No,2,Medium
422,"Research & Development","Healthcare Representative",5660,No,2,Medium
423,"Research & Development","Research Scientist",4821,No,2,Medium
425,"Research & Development","Laboratory Technician",5210,No,2,Medium
429,"Research & Development",Manager,17068,No,2,Medium
431,"Research & Development","Healthcare Representative",13964,No,2,Medium
437,Sales,"Sales Executive",4478,No,2,Medium
449,Sales,"Sales Executive",6349,No,2,Medium
451,"Research & Development","Healthcare Representative",9985,No,2,Medium
452,"Research & Development","Research Scientist",3697,No,2,Medium
453,Sales,"Sales Executive",7457,No,2,Medium
461,"Research & Development","Research Director",11510,No,2,Medium
462,"Research & Development","Manufacturing Director",7143,No,2,Medium
463,Sales,"Sales Executive",8268,No,2,Medium
466,"Research & Development","Manufacturing Director",6032,No,2,Medium
473,Sales,Manager,12504,No,2,Medium
475,Sales,"Sales Executive",4736,No,2,Medium
476,Sales,"Sales Executive",5296,No,2,Medium
505,"Research & Development",Manager,16659,No,2,Medium
507,Sales,"Sales Executive",4260,No,2,Medium
515,"Research & Development","Laboratory Technician",3034,No,2,Medium
518,"Research & Development","Manufacturing Director",4197,No,2,Medium
522,"Research & Development","Research Director",19406,No,2,Medium
524,"Research & Development","Manufacturing Director",4306,No,2,Medium
526,"Research & Development","Healthcare Representative",4522,No,2,Medium
527,Sales,"Sales Executive",4487,No,2,Medium
531,"Research & Development",Manager,19197,No,2,Medium
543,"Research & Development","Manufacturing Director",7969,No,2,Medium
549,"Research & Development",Manager,19566,No,2,Medium
580,Sales,"Sales Executive",9071,No,2,Medium
586,"Research & Development","Healthcare Representative",7632,No,2,Medium
595,Sales,"Sales Executive",4051,No,2,Medium
600,Sales,"Sales Executive",4717,No,2,Medium
604,Sales,"Sales Executive",6582,No,2,Medium
605,"Research & Development","Manufacturing Director",7406,No,2,Medium
616,"Research & Development","Healthcare Representative",6811,No,2,Medium
621,Sales,"Sales Executive",5337,No,2,Medium
638,"Research & Development","Research Director",19502,No,2,Medium
649,"Research & Development","Research Scientist",3622,No,2,Medium
653,Sales,"Sales Executive",5460,No,2,Medium
656,Sales,"Sales Executive",9602,No,2,Medium
661,"Research & Development","Research Director",16627,No,2,Medium
663,"Research & Development","Laboratory Technician",5679,No,2,Medium
664,"Research & Development",Manager,15402,No,2,Medium
671,"Research & Development",Manager,19513,No,2,Medium
679,"Research & Development","Research Scientist",6322,No,2,Medium
682,Sales,"Sales Executive",8381,No,2,Medium
691,"Research & Development","Research Scientist",6646,No,2,Medium
714,Sales,"Sales Executive",4647,No,2,Medium
716,"Research & Development","Laboratory Technician",3221,No,2,Medium
721,"Research & Development","Healthcare Representative",4553,No,2,Medium
729,Sales,"Sales Executive",10475,No,2,Medium
742,"Research & Development","Research Director",11713,No,2,Medium
743,"Research & Development","Manufacturing Director",7861,No,2,Medium
746,Sales,"Sales Executive",13770,No,2,Medium
747,Sales,"Sales Executive",5304,No,2,Medium
764,"Research & Development","Healthcare Representative",6811,No,2,Medium
773,"Research & Development","Research Scientist",3057,No,2,Medium
789,Sales,"Sales Executive",7587,No,2,Medium
799,"Research & Development","Manufacturing Director",5485,No,2,Medium
820,"Research & Development",Manager,16752,No,2,Medium
827,"Research & Development","Manufacturing Director",6062,No,2,Medium
830,"Research & Development","Manufacturing Director",6162,No,2,Medium
833,"Research & Development","Manufacturing Director",6877,No,2,Medium
836,"Research & Development","Manufacturing Director",4434,No,2,Medium
837,"Research & Development","Healthcare Representative",6288,No,2,Medium
844,"Research & Development","Research Director",12808,No,2,Medium
854,"Research & Development","Research Scientist",3424,No,2,Medium
855,Sales,"Sales Executive",4037,No,2,Medium
857,Sales,"Sales Executive",6201,No,2,Medium
862,Sales,"Sales Executive",10934,No,2,Medium
864,Sales,"Sales Executive",10761,No,2,Medium
879,Sales,"Sales Executive",4194,No,2,Medium
880,"Research & Development","Manufacturing Director",10685,No,2,Medium
889,Sales,"Sales Executive",6524,No,2,Medium
894,"Research & Development","Laboratory Technician",5231,No,2,Medium
924,"Research & Development","Healthcare Representative",6586,No,2,Medium
925,Sales,"Sales Representative",3294,No,2,Medium
940,"Research & Development","Healthcare Representative",10552,No,2,Medium
942,"Research & Development","Healthcare Representative",4014,No,2,Medium
954,Sales,"Sales Executive",9705,No,2,Medium
957,"Research & Development","Laboratory Technician",4721,No,2,Medium
964,"Research & Development","Research Scientist",3617,No,2,Medium
966,"Research & Development","Manufacturing Director",6725,No,2,Medium
983,Sales,"Sales Executive",5666,No,2,Medium
987,"Research & Development","Manufacturing Director",5067,No,2,Medium
998,"Research & Development","Healthcare Representative",5488,No,2,Medium
1002,"Research & Development","Laboratory Technician",3633,No,2,Medium
1003,Sales,"Sales Executive",4163,No,2,Medium
1005,"Research & Development","Manufacturing Director",13973,No,2,Medium
1014,"Research & Development","Healthcare Representative",10388,No,2,Medium
1032,"Research & Development","Manufacturing Director",13726,No,2,Medium
1036,Sales,"Sales Executive",6861,No,2,Medium
1039,Sales,"Sales Executive",13320,No,2,Medium
1043,"Research & Development","Manufacturing Director",10880,No,2,Medium
1046,"Research & Development","Laboratory Technician",4025,No,2,Medium
1048,Sales,Manager,11904,No,2,Medium
1061,"Research & Development","Research Director",19237,No,2,Medium
1066,Sales,"Sales Executive",8396,No,2,Medium
1080,"Research & Development","Research Scientist",4615,No,2,Medium
1083,"Research & Development","Laboratory Technician",3955,No,2,Medium
1105,Sales,"Sales Executive",6694,No,2,Medium
1119,Sales,"Sales Executive",8740,No,2,Medium
1136,"Research & Development","Research Scientist",3201,No,2,Medium
1150,"Research & Development","Manufacturing Director",5056,No,2,Medium
1158,"Research & Development","Laboratory Technician",4766,No,2,Medium
1180,"Research & Development","Research Scientist",4422,No,2,Medium
1195,"Research & Development","Research Scientist",4477,No,2,Medium
1198,"Research & Development","Laboratory Technician",3033,No,2,Medium
1218,Sales,"Sales Executive",8966,No,2,Medium
1224,"Research & Development","Laboratory Technician",3491,No,2,Medium
1225,"Research & Development","Research Scientist",4541,No,2,Medium
1233,Sales,"Sales Executive",5220,No,2,Medium
1235,"Research & Development","Research Scientist",4998,No,2,Medium
1237,"Research & Development","Manufacturing Director",10252,No,2,Medium
1243,Sales,"Sales Executive",10377,No,2,Medium
1251,"Research & Development","Healthcare Representative",6833,No,2,Medium
1260,"Research & Development","Healthcare Representative",6623,No,2,Medium
1268,Sales,"Sales Executive",8380,No,2,Medium
1278,"Research & Development","Healthcare Representative",13577,No,2,Medium
1281,Sales,"Sales Executive",4538,No,2,Medium
1282,Sales,Manager,19847,No,2,Medium
1285,"Research & Development","Laboratory Technician",4444,No,2,Medium
1291,"Research & Development","Research Scientist",3506,No,2,Medium
1296,"Research & Development","Laboratory Technician",3867,No,2,Medium
1298,"Research & Development","Manufacturing Director",4695,No,2,Medium
1307,"Research & Development",Manager,17123,No,2,Medium
1311,"Research & Development","Laboratory Technician",4627,No,2,Medium
1314,"Human Resources","Human Resources",3423,No,2,Medium
1315,"Research & Development","Laboratory Technician",6674,No,2,Medium
1317,"Research & Development","Research Director",16880,No,2,Medium
1324,Sales,"Sales Executive",9852,No,2,Medium
1329,Sales,"Sales Executive",6151,No,2,Medium
1334,"Research & Development",Manager,17861,No,2,Medium
1346,"Research & Development","Research Scientist",4661,No,2,Medium
1350,"Research & Development","Research Scientist",4249,No,2,Medium
1352,"Human Resources",Manager,14026,No,2,Medium
1356,Sales,"Sales Executive",6125,No,2,Medium
1362,Sales,"Sales Executive",4639,No,2,Medium
1373,"Research & Development","Manufacturing Director",13402,No,2,Medium
1375,"Research & Development","Healthcare Representative",6377,No,2,Medium
1377,"Research & Development","Laboratory Technician",5429,No,2,Medium
1390,Sales,"Sales Executive",6120,No,2,Medium
1392,"Research & Development","Research Scientist",5467,No,2,Medium
1396,Sales,"Sales Executive",4078,No,2,Medium
1401,"Research & Development","Manufacturing Director",13247,No,2,Medium
1403,Sales,"Sales Executive",5769,No,2,Medium
1419,"Human Resources","Human Resources",7988,No,2,Medium
1423,"Research & Development","Research Director",19701,No,2,Medium
1436,Sales,"Sales Executive",5647,No,2,Medium
1445,Sales,"Sales Executive",4162,No,2,Medium
1465,"Research & Development","Manufacturing Director",9380,No,2,Medium
1480,"Research & Development","Laboratory Technician",3673,No,2,Medium
1496,"Research & Development","Manufacturing Director",10209,No,2,Medium
1501,"Research & Development","Healthcare Representative",4035,No,2,Medium
1503,Sales,"Sales Executive",4591,No,2,Medium
1515,"Research & Development","Healthcare Representative",6388,No,2,Medium
1535,Sales,"Sales Executive",7083,No,2,Medium
1539,"Research & Development","Research Director",14411,No,2,Medium
1547,"Research & Development","Healthcare Representative",10124,No,2,Medium
1548,Sales,"Sales Executive",5473,No,2,Medium
1550,"Human Resources",Manager,16437,No,2,Medium
1552,"Research & Development","Healthcare Representative",4069,No,2,Medium
1553,"Research & Development","Healthcare Representative",7441,No,2,Medium
1557,Sales,"Sales Executive",6439,No,2,Medium
1560,Sales,"Sales Executive",6392,No,2,Medium
1582,Sales,"Sales Executive",9924,No,2,Medium
1587,"Research & Development","Healthcare Representative",6142,No,2,Medium
1591,Sales,Manager,19331,No,2,Medium
1596,"Research & Development","Laboratory Technician",3407,No,2,Medium
1597,"Research & Development","Healthcare Representative",5063,No,2,Medium
1606,"Research & Development","Healthcare Representative",11245,No,2,Medium
1608,"Research & Development","Research Director",19049,No,2,Medium
1611,"Research & Development","Laboratory Technician",5769,No,2,Medium
1612,Sales,"Sales Executive",4385,No,2,Medium
1614,"Research & Development","Manufacturing Director",4663,No,2,Medium
1615,"Research & Development","Manufacturing Director",4724,No,2,Medium
1618,"Research & Development","Manufacturing Director",5377,No,2,Medium
1622,"Research & Development","Manufacturing Director",4877,No,2,Medium
1638,"Research & Development","Manufacturing Director",7756,No,2,Medium
1641,"Research & Development","Manufacturing Director",7945,No,2,Medium
1642,"Human Resources","Human Resources",5743,No,2,Medium
1646,"Research & Development","Research Scientist",3760,No,2,Medium
1658,"Research & Development","Research Scientist",5433,No,2,Medium
1661,"Research & Development","Healthcare Representative",13966,No,2,Medium
1678,Sales,"Sales Executive",7082,No,2,Medium
1681,Sales,"Sales Executive",5368,No,2,Medium
1683,"Human Resources","Human Resources",3195,No,2,Medium
1703,"Research & Development","Healthcare Representative",7879,No,2,Medium
1704,"Research & Development","Research Scientist",4930,No,2,Medium
1710,Sales,"Sales Representative",4502,No,2,Medium
1720,"Research & Development","Research Scientist",3433,No,2,Medium
1732,Sales,"Sales Executive",10368,No,2,Medium
1753,"Research & Development","Healthcare Representative",6294,No,2,Medium
1766,"Research & Development","Healthcare Representative",5811,No,2,Medium
1774,Sales,"Sales Executive",4001,No,2,Medium
1775,"Research & Development","Manufacturing Director",12965,No,2,Medium
1784,Sales,"Sales Executive",5468,No,2,Medium
1789,"Research & Development","Research Director",19328,No,2,Medium
1790,"Research & Development","Healthcare Representative",8321,No,2,Medium
1798,"Research & Development","Research Scientist",3143,No,2,Medium
1814,"Research & Development","Healthcare Representative",6870,No,2,Medium
1815,Sales,"Sales Executive",10447,No,2,Medium
1827,"Research & Development","Manufacturing Director",10333,No,2,Medium
1829,"Research & Development","Healthcare Representative",4448,No,2,Medium
1835,Sales,"Sales Representative",5405,No,2,Medium
1837,"Research & Development","Research Director",15787,No,2,Medium
1845,Sales,"Sales Executive",5154,No,2,Medium
1847,"Research & Development","Research Scientist",6962,No,2,Medium
1849,Sales,"Sales Executive",5675,No,2,Medium
1864,Sales,"Sales Representative",3540,No,2,Medium
1870,"Research & Development","Research Scientist",4774,No,2,Medium
1880,Sales,"Sales Executive",5673,No,2,Medium
1882,Sales,"Sales Executive",9713,No,2,Medium
1885,"Research & Development","Research Scientist",4284,No,2,Medium
1886,"Research & Development","Manufacturing Director",4788,No,2,Medium
1892,"Research & Development",Manager,16823,No,2,Medium
1912,Sales,"Sales Executive",6583,No,2,Medium
1915,Sales,"Sales Executive",8103,No,2,Medium
1927,Sales,"Sales Executive",6834,No,2,Medium
1936,"Research & Development","Manufacturing Director",5151,No,2,Medium
1938,Sales,Manager,17875,No,2,Medium
1943,Sales,"Sales Executive",5087,No,2,Medium
1948,"Research & Development","Research Scientist",3065,No,2,Medium
1954,"Research & Development","Healthcare Representative",5373,No,2,Medium
1956,"Research & Development","Research Scientist",5003,No,2,Medium
1962,Sales,"Sales Executive",5204,No,2,Medium
1973,"Human Resources",Manager,19636,No,2,Medium
1975,Sales,"Sales Executive",13341,No,2,Medium
1980,"Research & Development","Manufacturing Director",4440,No,2,Medium
1985,"Research & Development","Laboratory Technician",6323,No,2,Medium
1986,Sales,"Sales Executive",5677,No,2,Medium
1992,"Research & Development","Laboratory Technician",3977,No,2,Medium
1995,Sales,"Sales Executive",4440,No,2,Medium
1997,"Research & Development","Manufacturing Director",5321,No,2,Medium
1998,"Research & Development","Research Scientist",5410,No,2,Medium
2000,"Research & Development","Research Director",11957,No,2,Medium
2017,"Research & Development","Research Director",13744,No,2,Medium
2018,Sales,"Sales Executive",4907,No,2,Medium
2031,"Research & Development",Manager,18880,No,2,Medium
2036,Sales,"Sales Executive",5406,No,2,Medium
2040,"Human Resources","Human Resources",8837,No,2,Medium
2049,"Research & Development","Healthcare Representative",5689,No,2,Medium
2053,"Research & Development","Laboratory Technician",4025,No,2,Medium
11,"Research & Development","Laboratory Technician",2693,No,1,Low
14,"Research & Development","Laboratory Technician",2426,No,1,Low
16,"Research & Development","Research Scientist",2911,No,1,Low
18,"Research & Development","Laboratory Technician",2661,No,1,Low
30,"Research & Development","Research Scientist",1232,No,1,Low
39,"Research & Development","Laboratory Technician",2496,No,1,Low
41,"Research & Development","Laboratory Technician",2206,No,1,Low
46,"Research & Development","Research Scientist",2645,No,1,Low
49,Sales,"Sales Representative",2014,No,1,Low
53,"Research & Development","Laboratory Technician",1951,No,1,Low
54,"Research & Development","Laboratory Technician",2341,No,1,Low
63,"Research & Development","Laboratory Technician",2269,No,1,Low
88,"Research & Development","Research Scientist",2194,No,1,Low
94,"Research & Development","Research Scientist",2703,No,1,Low
95,"Research & Development","Research Scientist",2501,No,1,Low
105,"Research & Development","Research Scientist",2859,No,1,Low
113,Sales,"Sales Representative",2322,No,1,Low
116,"Research & Development","Laboratory Technician",2075,No,1,Low
132,"Research & Development","Laboratory Technician",2042,No,1,Low
134,"Research & Development","Research Scientist",2956,No,1,Low
143,"Research & Development","Research Scientist",2889,No,1,Low
144,"Research & Development","Laboratory Technician",2871,No,1,Low
150,"Research & Development","Laboratory Technician",2774,No,1,Low
155,"Research & Development","Laboratory Technician",2835,No,1,Low
159,"Research & Development","Research Scientist",2613,No,1,Low
164,"Research & Development","Research Scientist",2368,No,1,Low
169,"Research & Development","Laboratory Technician",2523,No,1,Low
194,"Research & Development","Research Scientist",2632,No,1,Low
198,"Research & Development","Laboratory Technician",2720,No,1,Low
200,"Research & Development","Laboratory Technician",2238,No,1,Low
201,"Research & Development","Laboratory Technician",1483,No,1,Low
206,"Research & Development","Laboratory Technician",2348,No,1,Low
216,Sales,"Sales Representative",2231,No,1,Low
217,"Research & Development","Research Scientist",2323,No,1,Low
218,"Research & Development","Research Scientist",2024,No,1,Low
221,"Research & Development","Research Scientist",2713,No,1,Low
227,"Research & Development","Research Scientist",2451,No,1,Low
242,"Research & Development","Research Scientist",2500,No,1,Low
245,"Research & Development","Laboratory Technician",2288,No,1,Low
247,"Research & Development","Research Scientist",2311,No,1,Low
252,"Research & Development","Research Scientist",2756,No,1,Low
260,"Research & Development","Research Scientist",2279,No,1,Low
262,"Research & Development","Research Scientist",2089,No,1,Low
286,"Research & Development","Laboratory Technician",2153,No,1,Low
305,"Research & Development","Research Scientist",2622,No,1,Low
309,"Research & Development","Research Scientist",2177,No,1,Low
321,"Human Resources","Human Resources",2267,No,1,Low
332,"Research & Development","Laboratory Technician",2232,No,1,Low
338,"Research & Development","Research Scientist",2911,No,1,Low
346,"Research & Development","Research Scientist",2340,No,1,Low
353,"Research & Development","Research Scientist",2723,No,1,Low
359,"Research & Development","Laboratory Technician",2794,No,1,Low
362,"Research & Development","Laboratory Technician",2176,No,1,Low
377,"Research & Development","Research Scientist",2070,No,1,Low
399,Sales,"Sales Representative",2789,No,1,Low
411,Sales,"Sales Representative",1200,No,1,Low
430,"Research & Development","Laboratory Technician",2455,No,1,Low
465,"Research & Development","Research Scientist",2904,No,1,Low
467,Sales,"Sales Representative",2976,No,1,Low
471,"Research & Development","Laboratory Technician",2370,No,1,Low
484,Sales,"Sales Representative",2610,No,1,Low
495,"Research & Development","Research Scientist",2201,No,1,Low
501,"Research & Development","Research Scientist",2543,No,1,Low
508,Sales,"Sales Representative",2476,No,1,Low
511,"Research & Development","Research Scientist",2244,No,1,Low
517,"Research & Development","Laboratory Technician",2576,No,1,Low
525,"Research & Development","Laboratory Technician",2258,No,1,Low
530,"Research & Development","Laboratory Technician",2218,No,1,Low
544,"Research & Development","Research Scientist",2654,No,1,Low
560,"Research & Development","Research Scientist",2886,No,1,Low
562,"Research & Development","Laboratory Technician",2097,No,1,Low
585,Sales,"Sales Representative",2983,No,1,Low
591,"Research & Development","Laboratory Technician",2093,No,1,Low
632,Sales,"Sales Representative",2400,No,1,Low
643,"Research & Development","Laboratory Technician",2127,No,1,Low
645,Sales,"Sales Representative",2096,No,1,Low
655,"Research & Development","Research Scientist",2187,No,1,Low
657,"Research & Development","Research Scientist",2836,No,1,Low
662,"Research & Development","Research Scientist",2619,No,1,Low
675,"Research & Development","Research Scientist",2773,No,1,Low
680,"Research & Development","Research Scientist",2083,No,1,Low
700,"Research & Development","Research Scientist",2045,No,1,Low
704,"Research & Development","Laboratory Technician",1281,No,1,Low
710,"Research & Development","Research Scientist",2720,No,1,Low
749,Sales,"Sales Representative",2642,No,1,Low
758,"Research & Development","Laboratory Technician",2500,No,1,Low
766,Sales,"Sales Representative",2297,No,1,Low
769,"Research & Development","Laboratory Technician",2450,No,1,Low
805,Sales,"Sales Representative",2572,No,1,Low
812,"Research & Development","Laboratory Technician",2694,No,1,Low
824,"Research & Development","Research Scientist",2700,No,1,Low
826,"Research & Development","Research Scientist",2506,No,1,Low
829,"Human Resources","Human Resources",2143,No,1,Low
834,"Research & Development","Research Scientist",2274,No,1,Low
838,"Research & Development","Research Scientist",2553,No,1,Low
850,"Research & Development","Research Scientist",1706,No,1,Low
856,"Research & Development","Research Scientist",2559,No,1,Low
878,"Human Resources","Human Resources",2342,No,1,Low
882,"Research & Development","Laboratory Technician",2314,No,1,Low
893,Sales,"Sales Representative",2899,No,1,Low
900,Sales,"Sales Representative",2973,No,1,Low
912,"Research & Development","Laboratory Technician",2532,No,1,Low
930,"Research & Development","Research Scientist",2377,No,1,Low
933,"Research & Development","Research Scientist",2318,No,1,Low
934,"Research & Development","Laboratory Technician",2008,No,1,Low
945,"Research & Development","Research Scientist",2259,No,1,Low
951,"Research & Development","Laboratory Technician",2332,No,1,Low
958,"Research & Development","Laboratory Technician",2519,No,1,Low
974,Sales,"Sales Representative",2157,No,1,Low
996,"Research & Development","Laboratory Technician",2270,No,1,Low
1001,"Research & Development","Laboratory Technician",2811,No,1,Low
1006,"Research & Development","Research Scientist",2684,No,1,Low
1012,"Research & Development","Research Scientist",1051,No,1,Low
1030,"Research & Development","Laboratory Technician",2380,No,1,Low
1044,Sales,"Sales Representative",2342,No,1,Low
1049,"Human Resources","Human Resources",2177,No,1,Low
1056,Sales,"Sales Representative",1052,No,1,Low
1060,"Research & Development","Research Scientist",2821,No,1,Low
1068,"Research & Development","Research Scientist",2007,No,1,Low
1071,"Research & Development","Research Scientist",2942,No,1,Low
1102,"Research & Development","Laboratory Technician",2207,No,1,Low
1115,"Research & Development","Research Scientist",2979,No,1,Low
1120,"Research & Development","Research Scientist",2514,No,1,Low
1135,Sales,"Sales Representative",2791,No,1,Low
1162,"Research & Development","Research Scientist",2539,No,1,Low
1172,"Research & Development","Laboratory Technician",2258,No,1,Low
1185,"Research & Development","Laboratory Technician",2376,No,1,Low
1190,Sales,"Sales Representative",2827,No,1,Low
1193,"Research & Development","Research Scientist",2552,No,1,Low
1206,"Research & Development","Research Scientist",2290,No,1,Low
1221,"Research & Development","Laboratory Technician",2741,No,1,Low
1226,Sales,"Sales Representative",2678,No,1,Low
1234,"Research & Development","Laboratory Technician",2743,No,1,Low
1238,"Research & Development","Research Scientist",2781,No,1,Low
1258,"Research & Development","Laboratory Technician",2559,No,1,Low
1259,"Research & Development","Research Scientist",2517,No,1,Low
1265,"Research & Development","Research Scientist",2585,No,1,Low
1270,"Research & Development","Research Scientist",1223,No,1,Low
1301,"Research & Development","Research Scientist",2080,No,1,Low
1303,"Research & Development","Research Scientist",2096,No,1,Low
1308,"Research & Development","Research Scientist",2372,No,1,Low
1361,"Research & Development","Laboratory Technician",2387,No,1,Low
1364,Sales,"Sales Representative",2534,No,1,Low
1368,"Research & Development","Laboratory Technician",1611,No,1,Low
1374,"Research & Development","Research Scientist",2029,No,1,Low
1382,"Research & Development","Research Scientist",2610,No,1,Low
1409,"Research & Development","Laboratory Technician",2950,No,1,Low
1431,"Research & Development","Research Scientist",2996,No,1,Low
1434,"Research & Development","Laboratory Technician",2099,No,1,Low
1441,"Research & Development","Research Scientist",2066,No,1,Low
1461,"Human Resources","Human Resources",2109,No,1,Low
1474,"Research & Development","Research Scientist",2345,No,1,Low
1482,"Research & Development","Research Scientist",1274,No,1,Low
1492,Sales,"Sales Representative",2404,No,1,Low
1495,Sales,"Sales Representative",2033,No,1,Low
1499,"Human Resources","Human Resources",2064,No,1,Low
1506,"Research & Development","Research Scientist",1563,No,1,Low
1533,"Research & Development","Laboratory Technician",2272,No,1,Low
1546,"Research & Development","Research Scientist",2132,No,1,Low
1551,"Research & Development","Laboratory Technician",2296,No,1,Low
1554,Sales,"Sales Representative",2430,No,1,Low
1558,"Research & Development","Research Scientist",2451,No,1,Low
1564,"Research & Development","Laboratory Technician",2450,No,1,Low
1577,"Research & Development","Research Scientist",2972,No,1,Low
1581,"Research & Development","Research Scientist",2061,No,1,Low
1592,"Research & Development","Research Scientist",2073,No,1,Low
1601,"Research & Development","Laboratory Technician",2690,No,1,Low
1609,"Research & Development","Research Scientist",2141,No,1,Low
1648,"Research & Development","Research Scientist",2580,No,1,Low
1657,Sales,"Sales Representative",2783,No,1,Low
1659,"Research & Development","Laboratory Technician",2013,No,1,Low
1675,"Research & Development","Laboratory Technician",2440,No,1,Low
1680,Sales,"Sales Representative",2728,No,1,Low
1698,"Research & Development","Laboratory Technician",2028,No,1,Low
1709,"Research & Development","Laboratory Technician",2974,No,1,Low
1718,"Research & Development","Laboratory Technician",2305,No,1,Low
1729,"Research & Development","Research Scientist",2862,No,1,Low
1746,"Human Resources","Human Resources",2145,No,1,Low
1760,"Research & Development","Laboratory Technician",2468,No,1,Low
1762,"Research & Development","Research Scientist",2109,No,1,Low
1764,"Research & Development","Research Scientist",2718,No,1,Low
1768,"Research & Development","Laboratory Technician",2766,No,1,Low
1772,"Research & Development","Laboratory Technician",2289,No,1,Low
1799,"Research & Development","Research Scientist",2044,No,1,Low
1805,"Human Resources","Human Resources",2592,No,1,Low
1813,"Research & Development","Research Scientist",2438,No,1,Low
1826,"Research & Development","Laboratory Technician",2705,No,1,Low
1839,"Research & Development","Research Scientist",1514,No,1,Low
1854,"Research & Development","Research Scientist",2936,No,1,Low
1856,"Research & Development","Laboratory Technician",2105,No,1,Low
1858,"Human Resources","Human Resources",2706,No,1,Low
1865,"Human Resources","Human Resources",2804,No,1,Low
1873,"Research & Development","Research Scientist",2662,No,1,Low
1875,Sales,"Sales Representative",2856,No,1,Low
1883,"Research & Development","Laboratory Technician",2062,No,1,Low
1931,"Research & Development","Research Scientist",2226,No,1,Low
1947,"Research & Development","Research Scientist",2144,No,1,Low
1949,"Research & Development","Laboratory Technician",2810,No,1,Low
1969,"Research & Development","Research Scientist",2897,No,1,Low
1982,"Research & Development","Laboratory Technician",2647,No,1,Low
1987,"Human Resources","Human Resources",2187,No,1,Low
1994,"Research & Development","Laboratory Technician",2008,No,1,Low
1999,"Research & Development","Research Scientist",2782,No,1,Low
2010,"Research & Development","Laboratory Technician",2837,No,1,Low
2012,"Research & Development","Laboratory Technician",2406,No,1,Low
2013,Sales,"Sales Representative",2269,No,1,Low
2038,"Research & Development","Research Scientist",2439,No,1,Low
2048,"Research & Development","Research Scientist",2809,No,1,Low
2051,"Research & Development","Research Scientist",2001,No,1,Low
2052,"Research & Development","Research Scientist",2977,No,1,Low
2060,Sales,"Sales Representative",2966,No,1,Low
2061,"Research & Development","Laboratory Technician",2571,No,1,Low
2,"Research & Development","Research Scientist",5130,No,0,Low
7,"Research & Development","Laboratory Technician",3468,No,0,Low
8,"Research & Development","Laboratory Technician",3068,No,0,Low
12,"Research & Development","Manufacturing Director",9526,No,0,Low
20,"Research & Development","Manufacturing Director",9980,No,0,Low
23,Sales,Manager,15427,No,0,Low
26,"Research & Development","Manufacturing Director",4011,No,0,Low
28,"Research & Development","Research Director",11994,No,0,Low
32,"Research & Development",Manager,19094,No,0,Low
35,Sales,"Sales Executive",6825,No,0,Low
36,"Research & Development","Healthcare Representative",10248,No,0,Low
38,Sales,Manager,18947,No,0,Low
52,Sales,"Sales Executive",5376,No,0,Low
56,Sales,"Sales Executive",8726,No,0,Low
57,"Research & Development","Laboratory Technician",4011,No,0,Low
61,"Research & Development","Research Scientist",3022,No,0,Low
74,Sales,"Sales Executive",9069,No,0,Low
76,"Research & Development","Laboratory Technician",5915,No,0,Low
77,"Research & Development","Manufacturing Director",5993,No,0,Low
81,Sales,"Sales Executive",7637,No,0,Low
83,"Research & Development","Healthcare Representative",10096,No,0,Low
85,"Research & Development","Manufacturing Director",6499,No,0,Low
86,"Research & Development","Research Scientist",9724,No,0,Low
91,Sales,"Sales Executive",5473,No,0,Low
96,"Research & Development","Research Scientist",6220,No,0,Low
97,"Research & Development","Laboratory Technician",3038,No,0,Low
98,"Research & Development","Manufacturing Director",4424,No,0,Low
100,Sales,"Sales Executive",4312,No,0,Low
102,"Research & Development","Research Director",13664,No,0,Low
106,Sales,"Sales Executive",10239,No,0,Low
110,"Research & Development","Manufacturing Director",4325,No,0,Low
112,"Research & Development","Manufacturing Director",7260,No,0,Low
119,"Research & Development","Healthcare Representative",13503,No,0,Low
129,Sales,"Sales Executive",4221,No,0,Low
131,Sales,"Sales Executive",13872,No,0,Low
138,"Research & Development","Research Scientist",4809,No,0,Low
139,"Research & Development","Healthcare Representative",5163,No,0,Low
140,"Human Resources",Manager,18844,No,0,Low
151,"Research & Development","Research Scientist",4505,No,0,Low
152,Sales,"Sales Executive",7428,No,0,Low
153,"Research & Development",Manager,11631,No,0,Low
154,Sales,"Sales Executive",9738,No,0,Low
160,Sales,"Sales Executive",6146,No,0,Low
162,"Research & Development","Research Director",19537,No,0,Low
171,"Research & Development","Research Scientist",4739,No,0,Low
174,Sales,"Sales Executive",9208,No,0,Low
178,"Research & Development","Manufacturing Director",4941,No,0,Low
183,Sales,"Sales Executive",8639,No,0,Low
192,"Research & Development","Research Scientist",3452,No,0,Low
195,Sales,"Sales Executive",4668,No,0,Low
197,"Research & Development","Research Scientist",3204,No,0,Low
199,"Research & Development",Manager,17181,No,0,Low
202,"Research & Development","Research Scientist",5605,No,0,Low
204,Sales,"Sales Executive",7295,No,0,Low
207,Sales,"Sales Executive",8998,No,0,Low
208,"Research & Development","Manufacturing Director",4319,No,0,Low
211,"Research & Development","Manufacturing Director",6132,No,0,Low
215,Sales,"Sales Executive",10855,No,0,Low
226,"Research & Development",Manager,19926,No,0,Low
228,Sales,"Sales Executive",9419,No,0,Low
230,Sales,"Sales Executive",8686,No,0,Low
231,"Research & Development","Research Scientist",3038,No,0,Low
244,Sales,"Sales Executive",10453,No,0,Low
249,"Research & Development","Laboratory Technician",3690,No,0,Low
250,"Research & Development","Manufacturing Director",4450,No,0,Low
253,"Research & Development",Manager,19033,No,0,Low
254,"Research & Development","Research Director",18722,No,0,Low
256,"Research & Development","Manufacturing Director",9547,No,0,Low
258,"Research & Development","Healthcare Representative",13734,No,0,Low
259,"Research & Development",Manager,19999,No,0,Low
264,"Research & Development",Manager,16792,No,0,Low
269,"Research & Development","Laboratory Technician",4425,No,0,Low
270,"Research & Development","Manufacturing Director",5265,No,0,Low
271,"Research & Development","Manufacturing Director",6553,No,0,Low
273,"Research & Development","Manufacturing Director",6261,No,0,Low
274,"Research & Development","Manufacturing Director",4298,No,0,Low
287,"Research & Development","Healthcare Representative",4876,No,0,Low
288,"Research & Development","Healthcare Representative",9396,No,0,Low
292,"Research & Development","Manufacturing Director",8474,No,0,Low
293,Sales,"Sales Executive",9981,No,0,Low
296,"Research & Development","Research Director",12490,No,0,Low
302,Sales,"Sales Executive",8865,No,0,Low
303,Sales,"Sales Executive",5940,No,0,Low
304,"Research & Development","Laboratory Technician",5914,No,0,Low
307,Sales,"Sales Executive",10609,No,0,Low
308,"Research & Development","Manufacturing Director",4345,No,0,Low
312,Sales,"Sales Executive",7918,No,0,Low
314,Sales,"Sales Executive",8789,No,0,Low
316,"Research & Development","Laboratory Technician",3212,No,0,Low
319,"Research & Development",Manager,19232,No,0,Low
323,Sales,Manager,19517,No,0,Low
330,Sales,"Sales Representative",3931,No,0,Low
333,Sales,"Sales Executive",4465,No,0,Low
335,"Research & Development","Research Scientist",3319,No,0,Low
336,"Research & Development",Manager,19202,No,0,Low
337,"Research & Development","Research Director",13675,No,0,Low
341,"Research & Development","Manufacturing Director",6434,No,0,Low
343,"Research & Development","Healthcare Representative",10938,No,0,Low
349,Sales,"Sales Executive",6931,No,0,Low
350,"Research & Development","Manufacturing Director",4898,No,0,Low
352,"Research & Development","Research Director",19436,No,0,Low
366,Sales,"Sales Executive",6644,No,0,Low
369,"Research & Development","Healthcare Representative",4000,No,0,Low
378,Sales,"Sales Executive",6502,No,0,Low
379,"Research & Development","Research Scientist",3230,No,0,Low
381,"Research & Development",Manager,11996,No,0,Low
388,Sales,"Sales Executive",4554,No,0,Low
393,"Research & Development","Healthcare Representative",5745,No,0,Low
395,"Research & Development","Research Scientist",3310,No,0,Low
404,Sales,"Sales Executive",13525,No,0,Low
406,Sales,"Sales Executive",8020,No,0,Low
407,"Research & Development","Laboratory Technician",3688,No,0,Low
408,"Research & Development","Manufacturing Director",5482,No,0,Low
410,Sales,Manager,16015,No,0,Low
412,"Research & Development","Healthcare Representative",5661,No,0,Low
417,"Research & Development","Healthcare Representative",9613,No,0,Low
419,"Research & Development","Laboratory Technician",5674,No,0,Low
420,Sales,"Sales Executive",5484,No,0,Low
421,"Research & Development","Research Director",12061,No,0,Low
424,"Human Resources","Human Resources",6410,No,0,Low
428,"Research & Development",Manager,11878,No,0,Low
438,Sales,"Sales Executive",7547,No,0,Low
439,"Research & Development","Research Scientist",5055,No,0,Low
441,"Research & Development","Research Scientist",5775,No,0,Low
442,"Research & Development","Manufacturing Director",8943,No,0,Low
444,"Research & Development",Manager,19272,No,0,Low
446,Sales,"Sales Executive",4682,No,0,Low
447,"Research & Development","Research Director",18300,No,0,Low
448,"Research & Development","Laboratory Technician",5257,No,0,Low
450,"Research & Development","Research Scientist",4869,No,0,Low
455,"Research & Development","Laboratory Technician",3983,No,0,Low
456,Sales,"Sales Executive",6118,No,0,Low
458,Sales,"Sales Executive",6214,No,0,Low
460,"Research & Development","Manufacturing Director",6347,No,0,Low
464,"Research & Development","Manufacturing Director",8095,No,0,Low
468,"Research & Development","Research Director",15992,No,0,Low
469,Sales,"Sales Executive",4649,No,0,Low
477,"Research & Development","Healthcare Representative",6781,No,0,Low
479,Sales,"Sales Executive",6653,No,0,Low
481,Sales,"Sales Executive",9699,No,0,Low
482,"Research & Development","Healthcare Representative",6755,No,0,Low
486,"Research & Development","Laboratory Technician",3452,No,0,Low
487,"Research & Development","Manufacturing Director",5258,No,0,Low
491,"Research & Development","Healthcare Representative",10496,No,0,Low
496,"Research & Development","Healthcare Representative",6540,No,0,Low
497,"Research & Development","Laboratory Technician",3816,No,0,Low
498,Sales,"Sales Executive",5253,No,0,Low
499,"Research & Development","Healthcare Representative",10965,No,0,Low
500,Sales,"Sales Executive",4936,No,0,Low
513,Sales,"Sales Executive",7596,No,0,Low
516,Sales,"Sales Executive",5715,No,0,Low
520,"Research & Development","Research Director",14336,No,0,Low
521,"Research & Development","Laboratory Technician",3448,No,0,Low
523,Sales,"Sales Executive",6538,No,0,Low
532,Sales,"Sales Executive",13212,No,0,Low
533,Sales,"Sales Executive",6577,No,0,Low
534,Sales,"Sales Executive",8392,No,0,Low
536,"Research & Development","Laboratory Technician",4558,No,0,Low
546,"Research & Development",Manager,16555,No,0,Low
547,"Research & Development","Research Scientist",4556,No,0,Low
548,"Research & Development","Manufacturing Director",6091,No,0,Low
550,"Research & Development","Manufacturing Director",4810,No,0,Low
551,"Research & Development","Healthcare Representative",4523,No,0,Low
558,Sales,Manager,18041,No,0,Low
564,"Research & Development","Research Director",11935,No,0,Low
567,Sales,"Sales Executive",8412,No,0,Low
568,Sales,Manager,14118,No,0,Low
569,"Research & Development",Manager,17046,No,0,Low
573,Sales,"Sales Executive",10266,No,0,Low
574,"Research & Development","Manufacturing Director",5070,No,0,Low
575,"Research & Development","Research Director",17861,No,0,Low
577,"Research & Development","Laboratory Technician",4230,No,0,Low
578,"Research & Development","Laboratory Technician",3780,No,0,Low
581,"Research & Development","Manufacturing Director",10648,No,0,Low
592,Sales,"Sales Executive",9980,No,0,Low
597,Sales,Manager,16835,No,0,Low
599,Sales,"Sales Executive",6230,No,0,Low
601,"Research & Development","Manufacturing Director",13237,No,0,Low
602,"Research & Development","Laboratory Technician",3755,No,0,Low
606,Sales,"Sales Executive",4805,No,0,Low
611,"Research & Development","Manufacturing Director",4262,No,0,Low
612,"Research & Development","Research Director",16184,No,0,Low
613,Sales,Manager,11557,No,0,Low
615,Sales,"Sales Executive",10932,No,0,Low
618,Sales,"Sales Executive",4306,No,0,Low
620,Sales,"Sales Executive",4859,No,0,Low
623,"Research & Development","Manufacturing Director",7491,No,0,Low
624,"Research & Development","Healthcare Representative",10527,No,0,Low
625,Sales,Manager,16595,No,0,Low
626,Sales,"Sales Executive",8834,No,0,Low
634,"Research & Development","Healthcare Representative",9824,No,0,Low
635,"Research & Development","Manufacturing Director",6447,No,0,Low
641,Sales,"Sales Executive",6272,No,0,Low
644,"Human Resources",Manager,18200,No,0,Low
652,"Research & Development","Laboratory Technician",3681,No,0,Low
659,"Research & Development","Healthcare Representative",4089,No,0,Low
665,"Human Resources","Human Resources",5985,No,0,Low
669,Sales,"Sales Representative",3447,No,0,Low
677,Sales,"Sales Executive",7104,No,0,Low
689,"Research & Development","Manufacturing Director",9434,No,0,Low
690,Sales,"Sales Executive",5561,No,0,Low
692,"Research & Development","Healthcare Representative",7725,No,0,Low
698,"Human Resources","Human Resources",10725,No,0,Low
707,Sales,"Sales Executive",4851,No,0,Low
709,Sales,"Sales Executive",4028,No,0,Low
712,Sales,"Sales Executive",8120,No,0,Low
715,"Research & Development","Research Scientist",4680,No,0,Low
717,"Research & Development","Healthcare Representative",8621,No,0,Low
722,Sales,"Sales Executive",5396,No,0,Low
724,"Research & Development","Healthcare Representative",7625,No,0,Low
725,"Research & Development","Manufacturing Director",7412,No,0,Low
727,"Research & Development","Research Director",11159,No,0,Low
728,Sales,"Sales Executive",4960,No,0,Low
730,"Research & Development","Research Director",14814,No,0,Low
731,"Human Resources",Manager,19141,No,0,Low
732,Sales,"Sales Executive",5405,No,0,Low
733,"Research & Development","Manufacturing Director",8793,No,0,Low
734,"Human Resources",Manager,19189,No,0,Low
738,Sales,"Sales Representative",3875,No,0,Low
744,"Research & Development","Laboratory Technician",3708,No,0,Low
754,Sales,"Sales Executive",6804,No,0,Low
757,"Research & Development","Healthcare Representative",6142,No,0,Low
760,"Human Resources","Human Resources",6389,No,0,Low
762,"Research & Development","Healthcare Representative",11103,No,0,Low
771,"Research & Development","Healthcare Representative",5093,No,0,Low
772,"Research & Development","Laboratory Technician",5309,No,0,Low
775,"Research & Development","Manufacturing Director",5121,No,0,Low
776,Sales,Manager,16856,No,0,Low
781,Sales,"Sales Executive",6180,No,0,Low
783,Sales,"Sales Representative",6632,No,0,Low
784,"Research & Development","Research Scientist",3505,No,0,Low
786,Sales,"Sales Executive",6274,No,0,Low
791,"Research & Development","Research Scientist",4258,No,0,Low
792,"Research & Development","Laboratory Technician",4364,No,0,Low
793,"Research & Development","Healthcare Representative",4335,No,0,Low
797,"Research & Development","Research Scientist",3280,No,0,Low
800,Sales,"Sales Executive",4342,No,0,Low
804,"Research & Development","Research Scientist",4381,No,0,Low
806,"Research & Development","Laboratory Technician",3833,No,0,Low
807,"Research & Development","Healthcare Representative",4244,No,0,Low
808,Sales,"Sales Executive",6500,No,0,Low
809,"Research & Development",Manager,18430,No,0,Low
813,"Research & Development","Laboratory Technician",3149,No,0,Low
815,"Research & Development","Research Director",17639,No,0,Low
817,"Research & Development","Research Director",11691,No,0,Low
823,"Research & Development","Manufacturing Director",5228,No,0,Low
832,"Research & Development","Laboratory Technician",5094,No,0,Low
843,"Research & Development","Research Director",17159,No,0,Low
845,"Research & Development","Manufacturing Director",10221,No,0,Low
847,"Human Resources","Human Resources",3737,No,0,Low
851,Sales,Manager,16307,No,0,Low
852,"Research & Development","Healthcare Representative",5933,No,0,Low
859,Sales,"Sales Executive",4403,No,0,Low
861,"Research & Development","Research Scientist",3761,No,0,Low
865,"Research & Development","Research Scientist",5175,No,0,Low
867,"Research & Development","Manufacturing Director",13826,No,0,Low
868,Sales,"Sales Executive",6334,No,0,Low
869,"Human Resources","Human Resources",4936,No,0,Low
872,"Research & Development","Manufacturing Director",4775,No,0,Low
885,Sales,"Sales Executive",4256,No,0,Low
887,"Research & Development","Research Scientist",3580,No,0,Low
888,"Research & Development","Laboratory Technician",3162,No,0,Low
897,Sales,"Sales Executive",11836,No,0,Low
899,"Research & Development","Manufacturing Director",10903,No,0,Low
901,"Research & Development","Research Director",14275,No,0,Low
902,"Research & Development","Healthcare Representative",5562,No,0,Low
905,"Research & Development",Manager,17924,No,0,Low
909,"Human Resources","Human Resources",5204,No,0,Low
916,Sales,"Sales Executive",4908,No,0,Low
920,"Research & Development","Manufacturing Director",4765,No,0,Low
936,Sales,"Sales Executive",6244,No,0,Low
944,"Research & Development","Laboratory Technician",7403,No,0,Low
947,Sales,"Sales Executive",6932,No,0,Low
949,"Research & Development","Research Scientist",4678,No,0,Low
950,"Research & Development","Research Director",13582,No,0,Low
956,Sales,"Sales Executive",4294,No,0,Low
969,"Research & Development","Healthcare Representative",6949,No,0,Low
972,"Research & Development","Laboratory Technician",4447,No,0,Low
975,Sales,"Sales Executive",4601,No,0,Low
976,"Research & Development",Manager,17099,No,0,Low
981,Sales,Manager,14852,No,0,Low
982,Sales,"Sales Executive",7264,No,0,Low
984,Sales,"Sales Executive",7823,No,0,Low
985,Sales,"Sales Executive",7880,No,0,Low
990,Sales,"Sales Executive",5079,No,0,Low
992,Sales,Manager,17444,No,0,Low
995,"Research & Development","Research Scientist",3452,No,0,Low
997,"Research & Development","Research Director",17399,No,0,Low
999,"Research & Development","Research Director",19419,No,0,Low
1007,"Research & Development","Manufacturing Director",10845,No,0,Low
1009,"Research & Development","Manufacturing Director",4377,No,0,Low
1011,"Research & Development","Manufacturing Director",4148,No,0,Low
1013,"Research & Development","Manufacturing Director",10739,No,0,Low
1018,"Research & Development","Manufacturing Director",5472,No,0,Low
1022,"Research & Development","Healthcare Representative",4240,No,0,Low
1024,"Research & Development","Healthcare Representative",10999,No,0,Low
1025,"Research & Development","Manufacturing Director",5003,No,0,Low
1026,"Research & Development","Manufacturing Director",12742,No,0,Low
1027,"Research & Development","Manufacturing Director",4227,No,0,Low
1028,"Research & Development","Laboratory Technician",3917,No,0,Low
1029,Sales,Manager,18303,No,0,Low
1035,"Research & Development","Research Director",19973,No,0,Low
1040,Sales,"Sales Executive",6347,No,0,Low
1045,Sales,Manager,17650,No,0,Low
1047,Sales,"Sales Executive",9725,No,0,Low
1050,Sales,"Sales Executive",7525,No,0,Low
1062,"Research & Development","Healthcare Representative",4107,No,0,Low
1069,"Research & Development","Research Director",19627,No,0,Low
1070,Sales,"Sales Executive",10686,No,0,Low
1073,"Research & Development","Manufacturing Director",8858,No,0,Low
1074,"Research & Development",Manager,16756,No,0,Low
1076,Sales,"Sales Executive",10798,No,0,Low
1084,"Research & Development","Manufacturing Director",9957,No,0,Low
1085,"Research & Development","Research Scientist",3376,No,0,Low
1088,"Research & Development","Healthcare Representative",8823,No,0,Low
1092,"Research & Development","Healthcare Representative",10322,No,0,Low
1094,"Research & Development","Laboratory Technician",4621,No,0,Low
1096,"Research & Development","Manufacturing Director",10976,No,0,Low
1097,"Research & Development","Research Scientist",3660,No,0,Low
1099,"Research & Development","Healthcare Representative",7119,No,0,Low
1103,"Research & Development","Healthcare Representative",7756,No,0,Low
1109,"Research & Development",Manager,17665,No,0,Low
1114,Sales,"Sales Executive",4302,No,0,Low
1116,"Research & Development",Manager,16885,No,0,Low
1117,Sales,"Sales Executive",5593,No,0,Low
1118,"Research & Development","Healthcare Representative",10445,No,0,Low
1121,"Research & Development","Manufacturing Director",7655,No,0,Low
1124,Sales,Manager,17465,No,0,Low
1125,Sales,"Sales Executive",7351,No,0,Low
1126,"Research & Development","Manufacturing Director",10820,No,0,Low
1128,"Research & Development","Research Director",19626,No,0,Low
1132,"Research & Development","Laboratory Technician",6782,No,0,Low
1133,"Research & Development","Manufacturing Director",7779,No,0,Low
1137,Sales,"Sales Executive",4968,No,0,Low
1138,Sales,"Sales Executive",13120,No,0,Low
1140,"Research & Development","Manufacturing Director",4033,No,0,Low
1143,"Research & Development","Research Scientist",3291,No,0,Low
1148,"Research & Development","Laboratory Technician",4272,No,0,Low
1161,"Research & Development","Healthcare Representative",5731,No,0,Low
1163,Sales,"Sales Executive",5714,No,0,Low
1164,"Human Resources","Human Resources",4323,No,0,Low
1166,"Research & Development","Research Director",13499,No,0,Low
1171,Sales,"Sales Executive",5155,No,0,Low
1173,"Research & Development","Laboratory Technician",3597,No,0,Low
1177,"Research & Development","Laboratory Technician",4420,No,0,Low
1179,Sales,"Sales Executive",6578,No,0,Low
1182,"Research & Development","Manufacturing Director",10274,No,0,Low
1184,"Research & Development","Healthcare Representative",5343,No,0,Low
1191,"Research & Development",Manager,19943,No,0,Low
1192,"Research & Development","Laboratory Technician",3131,No,0,Low
1196,"Research & Development","Manufacturing Director",6474,No,0,Low
1201,"Research & Development",Manager,18606,No,0,Low
1204,Sales,Manager,17048,No,0,Low
1207,"Human Resources","Human Resources",3600,No,0,Low
1211,Sales,"Sales Executive",4115,No,0,Low
1212,Sales,"Sales Executive",4327,No,0,Low
1215,"Research & Development",Manager,17856,No,0,Low
1216,"Research & Development","Laboratory Technician",3196,No,0,Low
1217,"Research & Development","Research Director",19081,No,0,Low
1220,Sales,"Sales Executive",4539,No,0,Low
1228,"Research & Development","Manufacturing Director",7379,No,0,Low
1231,"Human Resources","Human Resources",6272,No,0,Low
1239,Sales,"Sales Executive",6852,No,0,Low
1240,Sales,"Sales Executive",4950,No,0,Low
1245,"Research & Development","Manufacturing Director",10502,No,0,Low
1249,"Research & Development","Research Scientist",3760,No,0,Low
1250,"Research & Development","Research Director",17779,No,0,Low
1252,"Research & Development","Healthcare Representative",6812,No,0,Low
1254,Sales,"Sales Executive",5171,No,0,Low
1255,"Research & Development","Research Director",19740,No,0,Low
1256,"Research & Development",Manager,18711,No,0,Low
1257,"Research & Development","Research Scientist",3692,No,0,Low
1263,"Research & Development","Research Director",18265,No,0,Low
1264,"Research & Development","Research Director",16124,No,0,Low
1267,Sales,Manager,18213,No,0,Low
1280,Sales,Manager,18789,No,0,Low
1283,"Research & Development","Manufacturing Director",10512,No,0,Low
1288,"Research & Development",Manager,19190,No,0,Low
1289,"Human Resources","Human Resources",4490,No,0,Low
1293,Sales,"Sales Executive",10231,No,0,Low
1304,Sales,"Sales Executive",6209,No,0,Low
1306,"Research & Development",Manager,18061,No,0,Low
1312,"Research & Development","Healthcare Representative",7094,No,0,Low
1322,"Research & Development","Manufacturing Director",4534,No,0,Low
1336,"Research & Development",Manager,19187,No,0,Low
1338,"Human Resources",Manager,19717,No,0,Low
1340,"Research & Development","Research Scientist",3544,No,0,Low
1344,"Research & Development","Healthcare Representative",8500,No,0,Low
1349,Sales,"Sales Executive",4103,No,0,Low
1355,Sales,"Sales Executive",6893,No,0,Low
1358,"Research & Development","Laboratory Technician",3669,No,0,Low
1363,"Research & Development","Manufacturing Director",7898,No,0,Low
1367,"Research & Development","Manufacturing Director",13142,No,0,Low
1369,"Research & Development","Laboratory Technician",5363,No,0,Low
1371,Sales,"Sales Executive",5071,No,0,Low
1383,"Research & Development","Healthcare Representative",6687,No,0,Low
1387,Sales,"Sales Executive",4724,No,0,Low
1391,Sales,"Sales Executive",10596,No,0,Low
1395,Sales,"Sales Executive",9998,No,0,Low
1397,"Research & Development","Healthcare Representative",10920,No,0,Low
1399,Sales,"Sales Executive",6232,No,0,Low
1407,"Research & Development","Research Scientist",3904,No,0,Low
1408,"Human Resources",Manager,16799,No,0,Low
1411,"Research & Development","Laboratory Technician",3629,No,0,Low
1412,"Research & Development","Manufacturing Director",9362,No,0,Low
1415,"Research & Development","Laboratory Technician",3229,No,0,Low
1417,"Research & Development","Laboratory Technician",3578,No,0,Low
1422,"Research & Development","Research Director",17328,No,0,Low
1424,"Research & Development","Research Director",14732,No,0,Low
1428,Sales,"Sales Executive",4779,No,0,Low
1430,"Research & Development","Research Director",16422,No,0,Low
1435,"Research & Development","Laboratory Technician",5810,No,0,Low
1438,"Research & Development","Research Scientist",3420,No,0,Low
1440,"Research & Development","Laboratory Technician",3500,No,0,Low
1443,"Research & Development","Research Director",17169,No,0,Low
1446,Sales,"Sales Executive",9204,No,0,Low
1447,"Research & Development","Laboratory Technician",3294,No,0,Low
1449,"Research & Development","Laboratory Technician",3975,No,0,Low
1453,Sales,"Sales Executive",10793,No,0,Low
1466,Sales,"Sales Executive",5486,No,0,Low
1468,"Research & Development","Research Director",13757,No,0,Low
1469,Sales,"Sales Executive",8463,No,0,Low
1471,"Research & Development","Laboratory Technician",3162,No,0,Low
1472,"Research & Development","Research Director",16598,No,0,Low
1473,"Research & Development","Healthcare Representative",6651,No,0,Low
1475,"Research & Development","Research Scientist",3420,No,0,Low
1477,Sales,"Sales Executive",4373,No,0,Low
1478,Sales,"Sales Executive",4759,No,0,Low
1479,Sales,"Sales Executive",5301,No,0,Low
1481,Sales,"Sales Executive",4768,No,0,Low
1483,"Research & Development","Research Scientist",4900,No,0,Low
1484,"Research & Development","Healthcare Representative",10466,No,0,Low
1485,"Research & Development","Research Director",17007,No,0,Low
1497,Sales,"Sales Executive",8620,No,0,Low
1502,"Research & Development","Laboratory Technician",3838,No,0,Low
1507,Sales,"Sales Executive",4898,No,0,Low
1509,"Research & Development","Laboratory Technician",4789,No,0,Low
1513,"Research & Development","Laboratory Technician",3180,No,0,Low
1514,"Research & Development","Manufacturing Director",6549,No,0,Low
1516,"Research & Development",Manager,11244,No,0,Low
1520,"Research & Development",Manager,16032,No,0,Low
1523,"Research & Development","Research Director",16328,No,0,Low
1525,"Research & Development","Manufacturing Director",8376,No,0,Low
1527,Sales,Manager,16606,No,0,Low
1529,"Research & Development","Healthcare Representative",8606,No,0,Low
1542,"Research & Development","Laboratory Technician",4841,No,0,Low
1543,"Research & Development","Research Scientist",4285,No,0,Low
1544,"Research & Development","Healthcare Representative",9715,No,0,Low
1545,"Research & Development","Manufacturing Director",4320,No,0,Low
1555,"Research & Development","Research Scientist",5878,No,0,Low
1563,"Human Resources","Human Resources",6077,No,0,Low
1568,Sales,"Sales Executive",9250,No,0,Low
1574,"Research & Development","Research Scientist",4087,No,0,Low
1578,Sales,Manager,19586,No,0,Low
1580,"Research & Development","Research Scientist",5484,No,0,Low
1583,Sales,"Sales Executive",4198,No,0,Low
1585,Sales,"Sales Executive",6815,No,0,Low
1588,Sales,"Sales Executive",8237,No,0,Low
1590,"Research & Development","Healthcare Representative",8853,No,0,Low
1595,"Research & Development",Manager,19613,No,0,Low
1598,Sales,"Sales Executive",4639,No,0,Low
1599,"Research & Development","Laboratory Technician",4876,No,0,Low
1602,Sales,Manager,17567,No,0,Low
1607,"Research & Development","Research Scientist",3312,No,0,Low
1613,Sales,"Sales Executive",5332,No,0,Low
1617,"Research & Development","Laboratory Technician",3211,No,0,Low
1619,"Research & Development","Laboratory Technician",4066,No,0,Low
1621,"Research & Development","Research Scientist",5208,No,0,Low
1623,"Research & Development","Research Scientist",3117,No,0,Low
1625,"Human Resources",Manager,19658,No,0,Low
1627,"Research & Development","Laboratory Technician",3069,No,0,Low
1628,"Research & Development","Manufacturing Director",10435,No,0,Low
1630,"Research & Development","Healthcare Representative",4148,No,0,Low
1631,"Research & Development","Manufacturing Director",5768,No,0,Low
1633,"Research & Development","Manufacturing Director",5042,No,0,Low
1635,"Research & Development","Manufacturing Director",5770,No,0,Low
1644,"Research & Development",Manager,15202,No,0,Low
1647,"Research & Development","Research Scientist",3517,No,0,Low
1650,Sales,"Sales Executive",5869,No,0,Low
1651,"Research & Development","Healthcare Representative",8008,No,0,Low
1653,"Research & Development","Manufacturing Director",5206,No,0,Low
1654,"Research & Development","Manufacturing Director",5295,No,0,Low
1655,"Research & Development","Research Director",16413,No,0,Low
1656,"Research & Development","Research Director",13269,No,0,Low
1662,"Research & Development","Manufacturing Director",4374,No,0,Low
1664,"Research & Development","Healthcare Representative",6842,No,0,Low
1665,"Research & Development",Manager,17426,No,0,Low
1666,"Research & Development","Research Director",17603,No,0,Low
1668,"Research & Development","Research Scientist",4735,No,0,Low
1670,Sales,"Sales Executive",5505,No,0,Low
1671,"Research & Development","Research Scientist",5470,No,0,Low
1673,Sales,"Sales Executive",5476,No,0,Low
1676,Sales,Manager,15972,No,0,Low
1677,"Research & Development",Manager,15379,No,0,Low
1682,"Research & Development","Healthcare Representative",5347,No,0,Low
1687,"Research & Development","Laboratory Technician",3306,No,0,Low
1689,"Research & Development","Healthcare Representative",7005,No,0,Low
1694,"Research & Development","Research Scientist",3537,No,0,Low
1696,"Research & Development","Laboratory Technician",3986,No,0,Low
1697,"Research & Development","Healthcare Representative",10883,No,0,Low
1700,Sales,"Sales Executive",9525,No,0,Low
1707,"Research & Development","Research Scientist",4401,No,0,Low
1708,Sales,"Sales Executive",9241,No,0,Low
1712,"Research & Development","Healthcare Representative",10748,No,0,Low
1719,"Research & Development","Research Director",16704,No,0,Low
1721,"Research & Development","Laboratory Technician",3477,No,0,Low
1722,"Human Resources","Human Resources",6430,No,0,Low
1725,"Research & Development","Laboratory Technician",3907,No,0,Low
1727,"Research & Development","Healthcare Representative",5562,No,0,Low
1728,"Research & Development","Manufacturing Director",6883,No,0,Low
1731,Sales,"Sales Executive",4978,No,0,Low
1735,"Research & Development","Laboratory Technician",3295,No,0,Low
1736,"Research & Development","Manufacturing Director",5238,No,0,Low
1739,Sales,"Sales Executive",9610,No,0,Low
1740,Sales,Manager,19833,No,0,Low
1744,"Human Resources","Human Resources",9756,No,0,Low
1745,"Research & Development","Research Scientist",4968,No,0,Low
1749,Sales,"Sales Executive",8346,No,0,Low
1751,"Research & Development","Research Scientist",3445,No,0,Low
1754,Sales,"Sales Executive",7140,No,0,Low
1756,Sales,"Sales Executive",5147,No,0,Low
1757,Sales,"Sales Executive",4507,No,0,Low
1763,"Research & Development","Healthcare Representative",5294,No,0,Low
1770,"Research & Development","Research Director",19038,No,0,Low
1771,"Research & Development","Research Scientist",3055,No,0,Low
1778,"Human Resources","Human Resources",3539,No,0,Low
1779,Sales,"Sales Executive",6029,No,0,Low
1782,"Research & Development","Laboratory Technician",3702,No,0,Low
1786,"Research & Development",Manager,13116,No,0,Low
1787,Sales,"Sales Executive",4189,No,0,Low
1794,"Human Resources","Human Resources",4071,No,0,Low
1800,"Research & Development","Research Director",13464,No,0,Low
1801,Sales,"Sales Executive",7991,No,0,Low
1802,"Research & Development","Laboratory Technician",3377,No,0,Low
1803,"Research & Development","Healthcare Representative",5538,No,0,Low
1804,"Research & Development","Manufacturing Director",5762,No,0,Low
1812,Sales,"Sales Executive",4127,No,0,Low
1816,"Research & Development","Manufacturing Director",9667,No,0,Low
1822,"Research & Development","Healthcare Representative",6513,No,0,Low
1823,Sales,"Sales Executive",6799,No,0,Low
1824,Sales,Manager,16291,No,0,Low
1830,"Research & Development","Research Scientist",6854,No,0,Low
1833,Sales,"Sales Executive",9637,No,0,Low
1834,"Research & Development","Research Scientist",3591,No,0,Low
1836,Sales,"Sales Executive",4684,No,0,Low
1852,"Research & Development","Laboratory Technician",3812,No,0,Low
1853,Sales,"Sales Executive",4648,No,0,Low
1857,"Research & Development","Manufacturing Director",8578,No,0,Low
1859,"Research & Development","Healthcare Representative",6384,No,0,Low
1860,"Research & Development","Laboratory Technician",3968,No,0,Low
1863,Sales,"Sales Executive",13225,No,0,Low
1866,"Research & Development",Manager,19392,No,0,Low
1867,"Research & Development","Research Director",19665,No,0,Low
1871,"Research & Development","Research Scientist",3902,No,0,Low
1881,"Research & Development","Laboratory Technician",4197,No,0,Low
1888,"Research & Development","Manufacturing Director",5906,No,0,Low
1890,"Human Resources","Human Resources",3886,No,0,Low
1898,Sales,"Sales Executive",6500,No,0,Low
1900,"Research & Development",Manager,17174,No,0,Low
1903,"Research & Development","Healthcare Representative",5033,No,0,Low
1908,Sales,"Sales Executive",5507,No,0,Low
1909,Sales,"Sales Executive",4393,No,0,Low
1911,"Research & Development","Research Director",13348,No,0,Low
1916,"Research & Development","Laboratory Technician",3978,No,0,Low
1922,"Research & Development","Healthcare Representative",5399,No,0,Low
1924,Sales,"Sales Executive",5487,No,0,Low
1929,Sales,"Sales Executive",5736,No,0,Low
1934,"Research & Development","Research Scientist",5467,No,0,Low
1935,Sales,"Sales Executive",5380,No,0,Low
1940,"Research & Development","Research Scientist",4771,No,0,Low
1941,"Research & Development","Research Director",19161,No,0,Low
1945,Sales,"Sales Executive",5561,No,0,Low
1950,Sales,"Sales Executive",9888,No,0,Low
1951,Sales,"Sales Executive",8628,No,0,Low
1955,"Research & Development","Healthcare Representative",6667,No,0,Low
1965,Sales,"Sales Executive",4105,No,0,Low
1966,"Research & Development","Manufacturing Director",9679,No,0,Low
1970,"Research & Development","Healthcare Representative",5968,No,0,Low
1971,"Research & Development","Healthcare Representative",7510,No,0,Low
1976,"Research & Development","Research Scientist",4332,No,0,Low
1979,"Research & Development","Research Director",11031,No,0,Low
1981,"Research & Development","Healthcare Representative",4617,No,0,Low
1989,"Research & Development","Laboratory Technician",3748,No,0,Low
1993,"Research & Development","Healthcare Representative",8633,No,0,Low
1996,Sales,"Sales Representative",3067,No,0,Low
2007,"Research & Development","Research Scientist",3375,No,0,Low
2008,"Research & Development","Research Scientist",5098,No,0,Low
2014,"Research & Development","Research Scientist",4108,No,0,Low
2015,"Research & Development","Research Director",13206,No,0,Low
2016,Sales,"Sales Executive",10422,No,0,Low
2019,Sales,"Sales Representative",3482,No,0,Low
2022,"Research & Development",Manager,19431,No,0,Low
2024,Sales,"Sales Executive",7644,No,0,Low
2025,"Research & Development","Manufacturing Director",5131,No,0,Low
2026,"Research & Development","Healthcare Representative",6306,No,0,Low
2034,"Research & Development","Manufacturing Director",13570,No,0,Low
2035,Sales,"Sales Executive",6712,No,0,Low
2037,Sales,"Sales Executive",8938,No,0,Low
2041,Sales,"Sales Executive",5343,No,0,Low
2045,Sales,"Sales Executive",6652,No,0,Low
2046,Sales,"Sales Executive",4850,No,0,Low
2054,"Research & Development","Research Scientist",3785,No,0,Low
2056,Sales,"Sales Executive",12031,No,0,Low
2057,"Research & Development","Manufacturing Director",9936,No,0,Low
2062,"Research & Development","Healthcare Representative",9991,No,0,Low
2065,Sales,"Sales Executive",5390,No,0,Low
2068,"Research & Development","Laboratory Technician",4404,No,0,Low
