Employee_ID,Job_Role,Monthly_Income,Salary_Rank,income_vs_role_avg,Attrition
1661,"Healthcare Representative",13966,1,1.86,No
431,"Healthcare Representative",13964,2,1.85,No
258,"Healthcare Representative",13734,3,1.82,No
1278,"Healthcare Representative",13577,4,1.80,No
119,"Healthcare Representative",13503,5,1.79,No
372,"Healthcare Representative",13496,6,1.79,No
1127,"Healthcare Representative",12169,7,1.62,Yes
1606,"Healthcare Representative",11245,8,1.49,No
762,"Healthcare Representative",11103,9,1.47,No
1024,"Healthcare Representative",10999,10,1.46,No
499,"Healthcare Representative",10965,11,1.46,No
343,"Healthcare Representative",10938,12,1.45,No
1397,"Healthcare Representative",10920,13,1.45,No
1697,"Healthcare Representative",10883,14,1.45,No
1460,"Healthcare Representative",10851,15,1.44,No
1712,"Healthcare Representative",10748,16,1.43,No
124,"Healthcare Representative",10673,17,1.42,No
940,"Healthcare Representative",10552,18,1.40,No
624,"Healthcare Representative",10527,19,1.40,No
491,"Healthcare Representative",10496,20,1.39,No
1484,"Healthcare Representative",10466,21,1.39,No
1118,"Healthcare Representative",10445,22,1.39,No
1014,"Healthcare Representative",10388,23,1.38,No
1092,"Healthcare Representative",10322,24,1.37,No
165,"Healthcare Representative",10312,25,1.37,Yes
36,"Healthcare Representative",10248,26,1.36,No
1547,"Healthcare Representative",10124,27,1.34,No
83,"Healthcare Representative",10096,28,1.34,No
2062,"Healthcare Representative",9991,29,1.33,No
451,"Healthcare Representative",9985,30,1.33,No
70,"Healthcare Representative",9884,31,1.31,No
634,"Healthcare Representative",9824,32,1.30,No
587,"Healthcare Representative",9824,32,1.30,Yes
1544,"Healthcare Representative",9715,34,1.29,No
417,"Healthcare Representative",9613,35,1.28,No
223,"Healthcare Representative",9439,36,1.25,No
288,"Healthcare Representative",9396,37,1.25,No
1821,"Healthcare Representative",8926,38,1.19,Yes
1590,"Healthcare Representative",8853,39,1.18,No
1088,"Healthcare Representative",8823,40,1.17,No
1082,"Healthcare Representative",8722,41,1.16,Yes
1993,"Healthcare Representative",8633,42,1.15,No
717,"Healthcare Representative",8621,43,1.15,No
1529,"Healthcare Representative",8606,44,1.14,No
1344,"Healthcare Representative",8500,45,1.13,No
1790,"Healthcare Representative",8321,46,1.11,No
1651,"Healthcare Representative",8008,47,1.06,No
1295,"Healthcare Representative",7978,48,1.06,Yes
1703,"Healthcare Representative",7879,49,1.05,No
1103,"Healthcare Representative",7756,50,1.03,No
692,"Healthcare Representative",7725,51,1.03,No
586,"Healthcare Representative",7632,52,1.01,No
724,"Healthcare Representative",7625,53,1.01,No
1421,"Healthcare Representative",7553,54,1.00,Yes
1971,"Healthcare Representative",7510,55,1.00,No
145,"Healthcare Representative",7484,56,0.99,No
1553,"Healthcare Representative",7441,57,0.99,No
1099,"Healthcare Representative",7119,58,0.95,No
1312,"Healthcare Representative",7094,59,0.94,No
1689,"Healthcare Representative",7005,60,0.93,No
969,"Healthcare Representative",6949,61,0.92,No
1814,"Healthcare Representative",6870,62,0.91,No
1664,"Healthcare Representative",6842,63,0.91,No
1251,"Healthcare Representative",6833,64,0.91,No
1252,"Healthcare Representative",6812,65,0.90,No
764,"Healthcare Representative",6811,66,0.90,No
616,"Healthcare Representative",6811,66,0.90,No
477,"Healthcare Representative",6781,68,0.90,No
482,"Healthcare Representative",6755,69,0.90,No
1383,"Healthcare Representative",6687,70,0.89,No
282,"Healthcare Representative",6673,71,0.89,Yes
1955,"Healthcare Representative",6667,72,0.89,No
1473,"Healthcare Representative",6651,73,0.88,No
1260,"Healthcare Representative",6623,74,0.88,No
924,"Healthcare Representative",6586,75,0.87,No
496,"Healthcare Representative",6540,76,0.87,No
1822,"Healthcare Representative",6513,77,0.87,No
40,"Healthcare Representative",6465,78,0.86,No
1515,"Healthcare Representative",6388,79,0.85,No
1034,"Healthcare Representative",6385,80,0.85,No
1859,"Healthcare Representative",6384,81,0.85,No
1375,"Healthcare Representative",6377,82,0.85,No
2026,"Healthcare Representative",6306,83,0.84,No
1753,"Healthcare Representative",6294,84,0.84,No
837,"Healthcare Representative",6288,85,0.84,No
757,"Healthcare Representative",6142,86,0.82,No
1587,"Healthcare Representative",6142,86,0.82,No
1970,"Healthcare Representative",5968,88,0.79,No
852,"Healthcare Representative",5933,89,0.79,No
961,"Healthcare Representative",5855,90,0.78,No
1766,"Healthcare Representative",5811,91,0.77,No
393,"Healthcare Representative",5745,92,0.76,No
1161,"Healthcare Representative",5731,93,0.76,No
2049,"Healthcare Representative",5689,94,0.76,No
412,"Healthcare Representative",5661,95,0.75,No
422,"Healthcare Representative",5660,96,0.75,No
367,"Healthcare Representative",5582,97,0.74,No
1727,"Healthcare Representative",5562,98,0.74,No
902,"Healthcare Representative",5562,98,0.74,No
1803,"Healthcare Representative",5538,100,0.74,No
998,"Healthcare Representative",5488,101,0.73,No
1922,"Healthcare Representative",5399,102,0.72,No
1954,"Healthcare Representative",5373,103,0.71,No
1682,"Healthcare Representative",5347,104,0.71,No
1184,"Healthcare Representative",5343,105,0.71,No
1763,"Healthcare Representative",5294,106,0.70,No
13,"Healthcare Representative",5237,107,0.70,No
139,"Healthcare Representative",5163,108,0.69,No
771,"Healthcare Representative",5093,109,0.68,No
1597,"Healthcare Representative",5063,110,0.67,No
1903,"Healthcare Representative",5033,111,0.67,No
2009,"Healthcare Representative",4878,112,0.65,No
287,"Healthcare Representative",4876,113,0.65,No
1033,"Healthcare Representative",4777,114,0.63,Yes
390,"Healthcare Representative",4741,115,0.63,No
1981,"Healthcare Representative",4617,116,0.61,No
721,"Healthcare Representative",4553,117,0.60,No
551,"Healthcare Representative",4523,118,0.60,No
526,"Healthcare Representative",4522,119,0.60,No
1829,"Healthcare Representative",4448,120,0.59,No
793,"Healthcare Representative",4335,121,0.58,No
807,"Healthcare Representative",4244,122,0.56,No
1022,"Healthcare Representative",4240,123,0.56,No
117,"Healthcare Representative",4152,124,0.55,No
1630,"Healthcare Representative",4148,125,0.55,No
1062,"Healthcare Representative",4107,126,0.55,No
659,"Healthcare Representative",4089,127,0.54,No
1552,"Healthcare Representative",4069,128,0.54,No
1501,"Healthcare Representative",4035,129,0.54,No
942,"Healthcare Representative",4014,130,0.53,No
369,"Healthcare Representative",4000,131,0.53,No
698,"Human Resources",10725,1,2.53,No
1098,"Human Resources",10482,2,2.47,Yes
590,"Human Resources",9950,3,2.35,Yes
1744,"Human Resources",9756,4,2.30,No
2040,"Human Resources",8837,5,2.09,No
1419,"Human Resources",7988,6,1.89,No
1722,"Human Resources",6430,7,1.52,No
424,"Human Resources",6410,8,1.51,No
760,"Human Resources",6389,9,1.51,No
184,"Human Resources",6347,10,1.50,No
1231,"Human Resources",6272,11,1.48,No
1563,"Human Resources",6077,12,1.43,No
665,"Human Resources",5985,13,1.41,No
1642,"Human Resources",5743,14,1.36,No
909,"Human Resources",5204,15,1.23,No
103,"Human Resources",5021,16,1.19,No
869,"Human Resources",4936,17,1.17,No
1289,"Human Resources",4490,18,1.06,No
1164,"Human Resources",4323,19,1.02,No
1794,"Human Resources",4071,20,0.96,No
1890,"Human Resources",3886,21,0.92,No
847,"Human Resources",3737,22,0.88,No
1207,"Human Resources",3600,23,0.85,No
1778,"Human Resources",3539,24,0.84,No
1314,"Human Resources",3423,25,0.81,No
1683,"Human Resources",3195,26,0.75,No
1972,"Human Resources",2991,27,0.71,No
1842,"Human Resources",2956,28,0.70,Yes
177,"Human Resources",2942,29,0.69,No
1944,"Human Resources",2863,30,0.68,Yes
1152,"Human Resources",2844,31,0.67,No
1865,"Human Resources",2804,32,0.66,No
1467,"Human Resources",2742,33,0.65,Yes
608,"Human Resources",2741,34,0.65,Yes
1858,"Human Resources",2706,35,0.64,No
470,"Human Resources",2696,36,0.64,No
1805,"Human Resources",2592,37,0.61,No
566,"Human Resources",2564,38,0.61,Yes
878,"Human Resources",2342,39,0.55,No
1844,"Human Resources",2335,40,0.55,Yes
910,"Human Resources",2277,41,0.54,No
321,"Human Resources",2267,42,0.54,No
1987,"Human Resources",2187,43,0.52,No
1747,"Human Resources",2180,44,0.51,Yes
1049,"Human Resources",2177,45,0.51,No
1818,"Human Resources",2148,46,0.51,Yes
1746,"Human Resources",2145,47,0.51,No
829,"Human Resources",2143,48,0.51,No
1461,"Human Resources",2109,49,0.50,No
133,"Human Resources",2073,50,0.49,Yes
1499,"Human Resources",2064,51,0.49,No
1714,"Human Resources",1555,52,0.37,Yes
944,"Laboratory Technician",7403,1,2.29,No
1132,"Laboratory Technician",6782,2,2.10,No
1315,"Laboratory Technician",6674,3,2.06,No
1737,"Laboratory Technician",6472,4,2.00,No
1985,"Laboratory Technician",6323,5,1.95,No
147,"Laboratory Technician",6074,6,1.88,Yes
76,"Laboratory Technician",5915,7,1.83,No
304,"Laboratory Technician",5914,8,1.83,No
1435,"Laboratory Technician",5810,9,1.79,No
1611,"Laboratory Technician",5769,10,1.78,No
663,"Laboratory Technician",5679,11,1.75,No
419,"Laboratory Technician",5674,12,1.75,No
1594,"Laboratory Technician",5562,13,1.72,No
1377,"Laboratory Technician",5429,14,1.68,No
389,"Laboratory Technician",5415,15,1.67,No
64,"Laboratory Technician",5381,16,1.66,Yes
1369,"Laboratory Technician",5363,17,1.66,No
1807,"Laboratory Technician",5346,18,1.65,Yes
772,"Laboratory Technician",5309,19,1.64,No
448,"Laboratory Technician",5257,20,1.62,No
894,"Laboratory Technician",5231,21,1.62,No
425,"Laboratory Technician",5210,22,1.61,No
1549,"Laboratory Technician",5207,23,1.61,No
104,"Laboratory Technician",5126,24,1.58,No
832,"Laboratory Technician",5094,25,1.57,No
1309,"Laboratory Technician",4883,26,1.51,Yes
1599,"Laboratory Technician",4876,27,1.51,No
1542,"Laboratory Technician",4841,28,1.50,No
1052,"Laboratory Technician",4834,29,1.49,Yes
1509,"Laboratory Technician",4789,30,1.48,No
1158,"Laboratory Technician",4766,31,1.47,No
1586,"Laboratory Technician",4723,32,1.46,No
957,"Laboratory Technician",4721,33,1.46,No
1311,"Laboratory Technician",4627,34,1.43,No
1094,"Laboratory Technician",4621,35,1.43,No
536,"Laboratory Technician",4558,36,1.41,No
972,"Laboratory Technician",4447,37,1.37,No
1285,"Laboratory Technician",4444,38,1.37,No
269,"Laboratory Technician",4425,39,1.37,No
1177,"Laboratory Technician",4420,40,1.37,No
2068,"Laboratory Technician",4404,41,1.36,No
792,"Laboratory Technician",4364,42,1.35,No
1420,"Laboratory Technician",4284,43,1.32,Yes
1148,"Laboratory Technician",4272,44,1.32,No
577,"Laboratory Technician",4230,45,1.31,No
190,"Laboratory Technician",4200,46,1.30,Yes
1881,"Laboratory Technician",4197,47,1.30,No
15,"Laboratory Technician",4193,48,1.30,No
1619,"Laboratory Technician",4066,49,1.26,No
538,"Laboratory Technician",4031,50,1.25,Yes
2053,"Laboratory Technician",4025,51,1.24,No
1046,"Laboratory Technician",4025,51,1.24,No
75,"Laboratory Technician",4014,53,1.24,No
57,"Laboratory Technician",4011,54,1.24,No
1684,"Laboratory Technician",3989,55,1.23,Yes
1696,"Laboratory Technician",3986,56,1.23,No
455,"Laboratory Technician",3983,57,1.23,No
1916,"Laboratory Technician",3978,58,1.23,No
1992,"Laboratory Technician",3977,59,1.23,No
1449,"Laboratory Technician",3975,60,1.23,No
1860,"Laboratory Technician",3968,61,1.23,No
1083,"Laboratory Technician",3955,62,1.22,No
1028,"Laboratory Technician",3917,63,1.21,No
1725,"Laboratory Technician",3907,64,1.21,No
593,"Laboratory Technician",3894,65,1.20,Yes
1296,"Laboratory Technician",3867,66,1.19,No
1502,"Laboratory Technician",3838,67,1.19,No
806,"Laboratory Technician",3833,68,1.18,No
497,"Laboratory Technician",3816,69,1.18,No
1852,"Laboratory Technician",3812,70,1.18,No
578,"Laboratory Technician",3780,71,1.17,No
602,"Laboratory Technician",3755,72,1.16,No
1989,"Laboratory Technician",3748,73,1.16,No
1010,"Laboratory Technician",3743,74,1.16,Yes
331,"Laboratory Technician",3730,75,1.15,Yes
1464,"Laboratory Technician",3722,76,1.15,Yes
744,"Laboratory Technician",3708,77,1.15,No
1782,"Laboratory Technician",3702,78,1.14,No
1106,"Laboratory Technician",3691,79,1.14,Yes
249,"Laboratory Technician",3690,80,1.14,No
407,"Laboratory Technician",3688,81,1.14,No
652,"Laboratory Technician",3681,82,1.14,No
1480,"Laboratory Technician",3673,83,1.13,No
1358,"Laboratory Technician",3669,84,1.13,No
1458,"Laboratory Technician",3646,85,1.13,Yes
1002,"Laboratory Technician",3633,86,1.12,No
1411,"Laboratory Technician",3629,87,1.12,No
1173,"Laboratory Technician",3597,88,1.11,No
1417,"Laboratory Technician",3578,89,1.11,No
1440,"Laboratory Technician",3500,90,1.08,No
1224,"Laboratory Technician",3491,91,1.08,No
364,"Laboratory Technician",3485,92,1.08,Yes
355,"Laboratory Technician",3479,93,1.07,Yes
1721,"Laboratory Technician",3477,94,1.07,No
7,"Laboratory Technician",3468,95,1.07,No
486,"Laboratory Technician",3452,96,1.07,No
521,"Laboratory Technician",3448,97,1.07,No
65,"Laboratory Technician",3441,98,1.06,Yes
584,"Laboratory Technician",3408,99,1.05,Yes
1596,"Laboratory Technician",3407,100,1.05,No
1802,"Laboratory Technician",3377,101,1.04,No
1299,"Laboratory Technician",3339,102,1.03,Yes
1687,"Laboratory Technician",3306,103,1.02,No
1735,"Laboratory Technician",3295,104,1.02,No
1447,"Laboratory Technician",3294,105,1.02,No
1415,"Laboratory Technician",3229,106,1.00,No
716,"Laboratory Technician",3221,107,1.00,No
316,"Laboratory Technician",3212,108,0.99,No
1617,"Laboratory Technician",3211,109,0.99,No
373,"Laboratory Technician",3210,110,0.99,No
1216,"Laboratory Technician",3196,111,0.99,No
1513,"Laboratory Technician",3180,112,0.98,No
1494,"Laboratory Technician",3172,113,0.98,Yes
1471,"Laboratory Technician",3162,114,0.98,No
888,"Laboratory Technician",3162,114,0.98,No
392,"Laboratory Technician",3161,116,0.98,Yes
813,"Laboratory Technician",3149,117,0.97,No
1192,"Laboratory Technician",3131,118,0.97,No
239,"Laboratory Technician",3072,119,0.95,No
1627,"Laboratory Technician",3069,120,0.95,No
8,"Laboratory Technician",3068,121,0.95,No
97,"Laboratory Technician",3038,122,0.94,No
515,"Laboratory Technician",3034,123,0.94,No
1198,"Laboratory Technician",3033,124,0.94,No
1709,"Laboratory Technician",2974,125,0.92,No
960,"Laboratory Technician",2973,126,0.92,Yes
1409,"Laboratory Technician",2950,127,0.91,No
22,"Laboratory Technician",2935,128,0.91,No
137,"Laboratory Technician",2926,129,0.90,Yes
647,"Laboratory Technician",2886,130,0.89,Yes
144,"Laboratory Technician",2871,131,0.89,No
1952,"Laboratory Technician",2867,132,0.89,No
1297,"Laboratory Technician",2838,133,0.88,No
2010,"Laboratory Technician",2837,134,0.88,No
155,"Laboratory Technician",2835,135,0.88,No
874,"Laboratory Technician",2818,136,0.87,No
1001,"Laboratory Technician",2811,137,0.87,No
1949,"Laboratory Technician",2810,138,0.87,No
911,"Laboratory Technician",2795,139,0.86,Yes
359,"Laboratory Technician",2794,140,0.86,No
927,"Laboratory Technician",2778,141,0.86,Yes
150,"Laboratory Technician",2774,142,0.86,No
1768,"Laboratory Technician",2766,143,0.85,No
1042,"Laboratory Technician",2743,144,0.85,Yes
1234,"Laboratory Technician",2743,144,0.85,No
1221,"Laboratory Technician",2741,146,0.85,No
281,"Laboratory Technician",2741,146,0.85,No
198,"Laboratory Technician",2720,148,0.84,No
328,"Laboratory Technician",2707,149,0.84,Yes
1826,"Laboratory Technician",2705,150,0.84,No
812,"Laboratory Technician",2694,151,0.83,No
11,"Laboratory Technician",2693,152,0.83,No
1601,"Laboratory Technician",2690,153,0.83,No
10,"Laboratory Technician",2670,154,0.82,No
18,"Laboratory Technician",2661,155,0.82,No
2003,"Laboratory Technician",2660,156,0.82,No
686,"Laboratory Technician",2659,157,0.82,No
1982,"Laboratory Technician",2647,158,0.82,No
1279,"Laboratory Technician",2625,159,0.81,Yes
1160,"Laboratory Technician",2610,160,0.81,Yes
1111,"Laboratory Technician",2596,161,0.80,Yes
351,"Laboratory Technician",2593,162,0.80,No
1674,"Laboratory Technician",2587,163,0.80,No
1907,"Laboratory Technician",2587,163,0.80,Yes
517,"Laboratory Technician",2576,165,0.80,No
2061,"Laboratory Technician",2571,166,0.79,No
1693,"Laboratory Technician",2570,167,0.79,No
571,"Laboratory Technician",2564,168,0.79,No
1504,"Laboratory Technician",2561,169,0.79,Yes
1258,"Laboratory Technician",2559,170,0.79,No
1918,"Laboratory Technician",2544,171,0.79,No
912,"Laboratory Technician",2532,172,0.78,No
169,"Laboratory Technician",2523,173,0.78,No
958,"Laboratory Technician",2519,174,0.78,No
1175,"Laboratory Technician",2515,175,0.78,Yes
758,"Laboratory Technician",2500,176,0.77,No
39,"Laboratory Technician",2496,177,0.77,No
1760,"Laboratory Technician",2468,178,0.76,No
430,"Laboratory Technician",2455,179,0.76,No
1019,"Laboratory Technician",2451,180,0.76,No
769,"Laboratory Technician",2450,181,0.76,No
1564,"Laboratory Technician",2450,181,0.76,No
1675,"Laboratory Technician",2440,183,0.75,No
325,"Laboratory Technician",2436,184,0.75,Yes
14,"Laboratory Technician",2426,185,0.75,No
1017,"Laboratory Technician",2422,186,0.75,Yes
1604,"Laboratory Technician",2408,187,0.74,Yes
79,"Laboratory Technician",2406,188,0.74,No
2012,"Laboratory Technician",2406,188,0.74,No
932,"Laboratory Technician",2404,190,0.74,Yes
1783,"Laboratory Technician",2398,191,0.74,Yes
1361,"Laboratory Technician",2387,192,0.74,No
918,"Laboratory Technician",2380,193,0.74,Yes
1030,"Laboratory Technician",2380,193,0.74,No
1850,"Laboratory Technician",2379,195,0.73,No
1107,"Laboratory Technician",2377,196,0.73,Yes
1185,"Laboratory Technician",2376,197,0.73,No
394,"Laboratory Technician",2373,198,0.73,Yes
471,"Laboratory Technician",2370,199,0.73,No
1960,"Laboratory Technician",2367,200,0.73,Yes
1333,"Laboratory Technician",2362,201,0.73,Yes
206,"Laboratory Technician",2348,202,0.73,No
54,"Laboratory Technician",2341,203,0.72,No
622,"Laboratory Technician",2340,204,0.72,Yes
2032,"Laboratory Technician",2339,205,0.72,Yes
951,"Laboratory Technician",2332,206,0.72,No
816,"Laboratory Technician",2319,207,0.72,Yes
882,"Laboratory Technician",2314,208,0.71,No
1718,"Laboratory Technician",2305,209,0.71,No
1551,"Laboratory Technician",2296,210,0.71,No
55,"Laboratory Technician",2293,211,0.71,Yes
1772,"Laboratory Technician",2289,212,0.71,No
245,"Laboratory Technician",2288,213,0.71,No
1533,"Laboratory Technician",2272,214,0.70,No
996,"Laboratory Technician",2270,215,0.70,No
63,"Laboratory Technician",2269,216,0.70,No
525,"Laboratory Technician",2258,217,0.70,No
1172,"Laboratory Technician",2258,217,0.70,No
200,"Laboratory Technician",2238,219,0.69,No
332,"Laboratory Technician",2232,220,0.69,No
530,"Laboratory Technician",2218,221,0.69,No
483,"Laboratory Technician",2213,222,0.68,No
1219,"Laboratory Technician",2210,223,0.68,Yes
1102,"Laboratory Technician",2207,224,0.68,No
41,"Laboratory Technician",2206,225,0.68,No
362,"Laboratory Technician",2176,226,0.67,No
1649,"Laboratory Technician",2166,227,0.67,Yes
1286,"Laboratory Technician",2154,228,0.67,No
286,"Laboratory Technician",2153,229,0.67,No
643,"Laboratory Technician",2127,230,0.66,No
454,"Laboratory Technician",2119,231,0.65,Yes
1856,"Laboratory Technician",2105,232,0.65,No
1434,"Laboratory Technician",2099,233,0.65,No
562,"Laboratory Technician",2097,234,0.65,No
591,"Laboratory Technician",2093,235,0.65,No
4,"Laboratory Technician",2090,236,0.65,Yes
238,"Laboratory Technician",2088,237,0.65,No
116,"Laboratory Technician",2075,238,0.64,No
1569,"Laboratory Technician",2074,239,0.64,Yes
1883,"Laboratory Technician",2062,240,0.64,No
132,"Laboratory Technician",2042,241,0.63,No
19,"Laboratory Technician",2028,242,0.63,Yes
1698,"Laboratory Technician",2028,242,0.63,No
1534,"Laboratory Technician",2018,244,0.62,Yes
1659,"Laboratory Technician",2013,245,0.62,No
1994,"Laboratory Technician",2008,246,0.62,No
934,"Laboratory Technician",2008,246,0.62,No
53,"Laboratory Technician",1951,248,0.60,No
1156,"Laboratory Technician",1904,249,0.59,Yes
556,"Laboratory Technician",1702,250,0.53,No
1368,"Laboratory Technician",1611,251,0.50,No
811,"Laboratory Technician",1601,252,0.49,Yes
201,"Laboratory Technician",1483,253,0.46,No
405,"Laboratory Technician",1420,254,0.44,Yes
1079,"Laboratory Technician",1416,255,0.44,Yes
1692,"Laboratory Technician",1393,256,0.43,Yes
704,"Laboratory Technician",1281,257,0.40,No
1974,"Laboratory Technician",1129,258,0.35,No
243,"Laboratory Technician",1102,259,0.34,Yes
259,Manager,19999,1,1.16,No
1191,Manager,19943,2,1.16,No
226,Manager,19926,3,1.16,No
787,Manager,19859,4,1.16,Yes
1282,Manager,19847,5,1.16,No
1038,Manager,19845,6,1.16,Yes
1740,Manager,19833,7,1.15,No
1338,Manager,19717,8,1.15,No
1625,Manager,19658,9,1.14,No
1973,Manager,19636,10,1.14,No
1595,Manager,19613,11,1.14,No
1578,Manager,19586,12,1.14,No
549,Manager,19566,13,1.14,No
323,Manager,19517,14,1.14,No
671,Manager,19513,15,1.14,No
2022,Manager,19431,16,1.13,No
1866,Manager,19392,17,1.13,No
1591,Manager,19331,18,1.13,No
444,Manager,19272,19,1.12,No
319,Manager,19232,20,1.12,No
336,Manager,19202,21,1.12,No
531,Manager,19197,22,1.12,No
1288,Manager,19190,23,1.12,No
734,Manager,19189,24,1.12,No
1336,Manager,19187,25,1.12,No
731,Manager,19141,26,1.11,No
32,Manager,19094,27,1.11,No
329,Manager,19068,28,1.11,No
374,Manager,19045,29,1.11,No
253,Manager,19033,30,1.11,No
38,Manager,18947,31,1.10,No
2031,Manager,18880,32,1.10,No
140,Manager,18844,33,1.10,No
1277,Manager,18824,34,1.10,Yes
1280,Manager,18789,35,1.09,No
1256,Manager,18711,36,1.09,No
1201,Manager,18606,37,1.08,No
809,Manager,18430,38,1.07,No
1029,Manager,18303,39,1.07,No
1267,Manager,18213,40,1.06,No
644,Manager,18200,41,1.06,No
1306,Manager,18061,42,1.05,No
558,Manager,18041,43,1.05,No
905,Manager,17924,44,1.04,No
1938,Manager,17875,45,1.04,No
1334,Manager,17861,46,1.04,No
1215,Manager,17856,47,1.04,No
1109,Manager,17665,48,1.03,No
1045,Manager,17650,49,1.03,No
1602,Manager,17567,50,1.02,No
1124,Manager,17465,51,1.02,No
992,Manager,17444,52,1.02,No
1665,Manager,17426,53,1.01,No
148,Manager,17328,54,1.01,No
199,Manager,17181,55,1.00,No
1900,Manager,17174,56,1.00,No
1307,Manager,17123,57,1.00,No
976,Manager,17099,58,1.00,No
429,Manager,17068,59,0.99,No
1204,Manager,17048,60,0.99,No
569,Manager,17046,61,0.99,No
158,Manager,16959,62,0.99,No
1116,Manager,16885,63,0.98,No
363,Manager,16872,64,0.98,No
776,Manager,16856,65,0.98,No
597,Manager,16835,66,0.98,No
1892,Manager,16823,67,0.98,No
1408,Manager,16799,68,0.98,No
264,Manager,16792,69,0.98,No
1074,Manager,16756,70,0.98,No
820,Manager,16752,71,0.97,No
505,Manager,16659,72,0.97,No
1527,Manager,16606,73,0.97,No
625,Manager,16595,74,0.97,No
546,Manager,16555,75,0.96,No
1550,Manager,16437,76,0.96,No
851,Manager,16307,77,0.95,No
1824,Manager,16291,78,0.95,No
327,Manager,16064,79,0.93,No
1520,Manager,16032,80,0.93,No
410,Manager,16015,81,0.93,No
1676,Manager,15972,82,0.93,No
23,Manager,15427,83,0.90,No
664,Manager,15402,84,0.90,No
1677,Manager,15379,85,0.90,No
1644,Manager,15202,86,0.88,No
981,Manager,14852,87,0.86,No
84,Manager,14756,88,0.86,No
568,Manager,14118,89,0.82,No
1352,Manager,14026,90,0.82,No
582,Manager,13610,91,0.79,Yes
298,Manager,13591,92,0.79,No
1786,Manager,13116,93,0.76,No
473,Manager,12504,94,0.73,No
381,Manager,11996,95,0.70,No
1321,Manager,11916,96,0.69,No
1048,Manager,11904,97,0.69,No
428,Manager,11878,98,0.69,No
376,Manager,11849,99,0.69,Yes
153,Manager,11631,100,0.68,No
613,Manager,11557,101,0.67,No
1516,Manager,11244,102,0.65,No
1005,"Manufacturing Director",13973,1,1.92,No
867,"Manufacturing Director",13826,2,1.90,No
1032,"Manufacturing Director",13726,3,1.88,No
2034,"Manufacturing Director",13570,4,1.86,No
1373,"Manufacturing Director",13402,5,1.84,No
1401,"Manufacturing Director",13247,6,1.82,No
601,"Manufacturing Director",13237,7,1.81,No
1367,"Manufacturing Director",13142,8,1.80,No
1775,"Manufacturing Director",12965,9,1.78,No
1026,"Manufacturing Director",12742,10,1.75,No
1096,"Manufacturing Director",10976,11,1.50,No
899,"Manufacturing Director",10903,12,1.49,No
1043,"Manufacturing Director",10880,13,1.49,No
1007,"Manufacturing Director",10845,14,1.49,No
1126,"Manufacturing Director",10820,15,1.48,No
1013,"Manufacturing Director",10739,16,1.47,No
880,"Manufacturing Director",10685,17,1.46,No
179,"Manufacturing Director",10650,18,1.46,Yes
581,"Manufacturing Director",10648,19,1.46,No
1283,"Manufacturing Director",10512,20,1.44,No
1245,"Manufacturing Director",10502,21,1.44,No
1628,"Manufacturing Director",10435,22,1.43,No
1827,"Manufacturing Director",10333,23,1.42,No
1182,"Manufacturing Director",10274,24,1.41,No
1237,"Manufacturing Director",10252,25,1.41,No
845,"Manufacturing Director",10221,26,1.40,No
1496,"Manufacturing Director",10209,27,1.40,No
1572,"Manufacturing Director",10169,28,1.39,Yes
342,"Manufacturing Director",10048,29,1.38,Yes
1360,"Manufacturing Director",10008,30,1.37,Yes
20,"Manufacturing Director",9980,31,1.37,No
1084,"Manufacturing Director",9957,32,1.36,No
2057,"Manufacturing Director",9936,33,1.36,No
1966,"Manufacturing Director",9679,34,1.33,No
1816,"Manufacturing Director",9667,35,1.33,No
256,"Manufacturing Director",9547,36,1.31,No
12,"Manufacturing Director",9526,37,1.31,No
689,"Manufacturing Director",9434,38,1.29,No
1465,"Manufacturing Director",9380,39,1.29,No
1412,"Manufacturing Director",9362,40,1.28,No
442,"Manufacturing Director",8943,41,1.23,No
1073,"Manufacturing Director",8858,42,1.21,No
699,"Manufacturing Director",8847,43,1.21,No
733,"Manufacturing Director",8793,44,1.21,No
1857,"Manufacturing Director",8578,45,1.18,No
292,"Manufacturing Director",8474,46,1.16,No
1525,"Manufacturing Director",8376,47,1.15,No
464,"Manufacturing Director",8095,48,1.11,No
543,"Manufacturing Director",7969,49,1.09,No
1641,"Manufacturing Director",7945,50,1.09,No
1363,"Manufacturing Director",7898,51,1.08,No
743,"Manufacturing Director",7861,52,1.08,No
1133,"Manufacturing Director",7779,53,1.07,No
1638,"Manufacturing Director",7756,54,1.06,No
1121,"Manufacturing Director",7655,55,1.05,No
623,"Manufacturing Director",7491,56,1.03,No
1459,"Manufacturing Director",7446,57,1.02,Yes
725,"Manufacturing Director",7412,58,1.02,No
605,"Manufacturing Director",7406,59,1.02,No
1228,"Manufacturing Director",7379,60,1.01,No
112,"Manufacturing Director",7260,61,1.00,No
462,"Manufacturing Director",7143,62,0.98,No
1728,"Manufacturing Director",6883,63,0.94,No
833,"Manufacturing Director",6877,64,0.94,No
275,"Manufacturing Director",6804,65,0.93,No
966,"Manufacturing Director",6725,66,0.92,No
170,"Manufacturing Director",6567,67,0.90,No
271,"Manufacturing Director",6553,68,0.90,No
1514,"Manufacturing Director",6549,69,0.90,No
1724,"Manufacturing Director",6516,70,0.89,No
85,"Manufacturing Director",6499,71,0.89,No
1196,"Manufacturing Director",6474,72,0.89,No
635,"Manufacturing Director",6447,73,0.88,No
341,"Manufacturing Director",6434,74,0.88,No
384,"Manufacturing Director",6397,75,0.88,No
460,"Manufacturing Director",6347,76,0.87,No
273,"Manufacturing Director",6261,77,0.86,No
1389,"Manufacturing Director",6179,78,0.85,Yes
78,"Manufacturing Director",6162,79,0.84,No
830,"Manufacturing Director",6162,79,0.84,No
2064,"Manufacturing Director",6142,81,0.84,No
211,"Manufacturing Director",6132,82,0.84,No
548,"Manufacturing Director",6091,83,0.83,No
827,"Manufacturing Director",6062,84,0.83,No
466,"Manufacturing Director",6032,85,0.83,No
77,"Manufacturing Director",5993,86,0.82,No
803,"Manufacturing Director",5980,87,0.82,No
339,"Manufacturing Director",5957,88,0.82,No
261,"Manufacturing Director",5916,89,0.81,Yes
1888,"Manufacturing Director",5906,90,0.81,No
1635,"Manufacturing Director",5770,91,0.79,No
1631,"Manufacturing Director",5768,92,0.79,No
1804,"Manufacturing Director",5762,93,0.79,No
799,"Manufacturing Director",5485,94,0.75,No
408,"Manufacturing Director",5482,95,0.75,No
1018,"Manufacturing Director",5472,96,0.75,No
1294,"Manufacturing Director",5410,97,0.74,No
1618,"Manufacturing Director",5377,98,0.74,No
1997,"Manufacturing Director",5321,99,0.73,No
1654,"Manufacturing Director",5295,100,0.73,No
270,"Manufacturing Director",5265,101,0.72,No
487,"Manufacturing Director",5258,102,0.72,No
1736,"Manufacturing Director",5238,103,0.72,No
823,"Manufacturing Director",5228,104,0.72,No
1653,"Manufacturing Director",5206,105,0.71,No
1936,"Manufacturing Director",5151,106,0.71,No
2025,"Manufacturing Director",5131,107,0.70,No
775,"Manufacturing Director",5121,108,0.70,No
574,"Manufacturing Director",5070,109,0.69,No
987,"Manufacturing Director",5067,110,0.69,No
1150,"Manufacturing Director",5056,111,0.69,No
1633,"Manufacturing Director",5042,112,0.69,No
1025,"Manufacturing Director",5003,113,0.69,No
178,"Manufacturing Director",4941,114,0.68,No
350,"Manufacturing Director",4898,115,0.67,No
1622,"Manufacturing Director",4877,116,0.67,No
1573,"Manufacturing Director",4855,117,0.67,Yes
550,"Manufacturing Director",4810,118,0.66,No
1886,"Manufacturing Director",4788,119,0.66,No
872,"Manufacturing Director",4775,120,0.65,No
920,"Manufacturing Director",4765,121,0.65,No
1615,"Manufacturing Director",4724,122,0.65,No
1298,"Manufacturing Director",4695,123,0.64,No
1614,"Manufacturing Director",4663,124,0.64,No
1322,"Manufacturing Director",4534,125,0.62,No
250,"Manufacturing Director",4450,126,0.61,No
1980,"Manufacturing Director",4440,127,0.61,No
836,"Manufacturing Director",4434,128,0.61,No
98,"Manufacturing Director",4424,129,0.61,No
1009,"Manufacturing Director",4377,130,0.60,No
1662,"Manufacturing Director",4374,131,0.60,No
308,"Manufacturing Director",4345,132,0.60,No
110,"Manufacturing Director",4325,133,0.59,No
1545,"Manufacturing Director",4320,134,0.59,No
208,"Manufacturing Director",4319,135,0.59,No
524,"Manufacturing Director",4306,136,0.59,No
274,"Manufacturing Director",4298,137,0.59,No
611,"Manufacturing Director",4262,138,0.58,No
1027,"Manufacturing Director",4227,139,0.58,No
1809,"Manufacturing Director",4213,140,0.58,Yes
518,"Manufacturing Director",4197,141,0.58,No
926,"Manufacturing Director",4171,142,0.57,Yes
1011,"Manufacturing Director",4148,143,0.57,No
1140,"Manufacturing Director",4033,144,0.55,No
26,"Manufacturing Director",4011,145,0.55,No
1035,"Research Director",19973,1,1.25,No
1255,"Research Director",19740,2,1.23,No
1423,"Research Director",19701,3,1.23,No
1867,"Research Director",19665,4,1.23,No
1069,"Research Director",19627,5,1.22,No
1128,"Research Director",19626,6,1.22,No
58,"Research Director",19545,7,1.22,Yes
162,"Research Director",19537,8,1.22,No
638,"Research Director",19502,9,1.22,No
352,"Research Director",19436,10,1.21,No
999,"Research Director",19419,11,1.21,No
522,"Research Director",19406,12,1.21,No
1789,"Research Director",19328,13,1.21,No
825,"Research Director",19246,14,1.20,Yes
1061,"Research Director",19237,15,1.20,No
1941,"Research Director",19161,16,1.20,No
385,"Research Director",19144,17,1.19,No
1217,"Research Director",19081,18,1.19,No
1608,"Research Director",19049,19,1.19,No
1770,"Research Director",19038,20,1.19,No
80,"Research Director",18740,21,1.17,No
254,"Research Director",18722,22,1.17,No
396,"Research Director",18665,23,1.16,No
447,"Research Director",18300,24,1.14,No
1263,"Research Director",18265,25,1.14,No
141,"Research Director",18172,26,1.13,No
575,"Research Director",17861,27,1.11,No
1250,"Research Director",17779,28,1.11,No
815,"Research Director",17639,29,1.10,No
1666,"Research Director",17603,30,1.10,No
386,"Research Director",17584,31,1.10,No
997,"Research Director",17399,32,1.09,No
1422,"Research Director",17328,33,1.08,No
1443,"Research Director",17169,34,1.07,No
843,"Research Director",17159,35,1.07,No
1485,"Research Director",17007,36,1.06,No
1317,"Research Director",16880,37,1.05,No
1719,"Research Director",16704,38,1.04,No
661,"Research Director",16627,39,1.04,No
1472,"Research Director",16598,40,1.04,No
1430,"Research Director",16422,41,1.02,No
1655,"Research Director",16413,42,1.02,No
1523,"Research Director",16328,43,1.02,No
612,"Research Director",16184,44,1.01,No
1264,"Research Director",16124,45,1.01,No
468,"Research Director",15992,46,1.00,No
1837,"Research Director",15787,47,0.98,No
730,"Research Director",14814,48,0.92,No
1424,"Research Director",14732,49,0.92,No
1539,"Research Director",14411,50,0.90,No
520,"Research Director",14336,51,0.89,No
901,"Research Director",14275,52,0.89,No
1468,"Research Director",13757,53,0.86,No
2017,"Research Director",13744,54,0.86,No
337,"Research Director",13675,55,0.85,No
102,"Research Director",13664,56,0.85,No
380,"Research Director",13603,57,0.85,No
950,"Research Director",13582,58,0.85,No
126,"Research Director",13549,59,0.85,No
1166,"Research Director",13499,60,0.84,No
1800,"Research Director",13464,61,0.84,No
73,"Research Director",13458,62,0.84,No
1911,"Research Director",13348,63,0.83,No
1656,"Research Director",13269,64,0.83,No
101,"Research Director",13245,65,0.83,No
2015,"Research Director",13206,66,0.82,No
1242,"Research Director",13191,67,0.82,No
844,"Research Director",12808,68,0.80,No
296,"Research Director",12490,69,0.78,No
306,"Research Director",12185,70,0.76,No
421,"Research Director",12061,71,0.75,No
28,"Research Director",11994,72,0.75,No
2000,"Research Director",11957,73,0.75,No
564,"Research Director",11935,74,0.74,No
742,"Research Director",11713,75,0.73,No
817,"Research Director",11691,76,0.73,No
461,"Research Director",11510,77,0.72,No
1015,"Research Director",11416,78,0.71,No
727,"Research Director",11159,79,0.70,No
1979,"Research Director",11031,80,0.69,No
86,"Research Scientist",9724,1,3.00,No
1847,"Research Scientist",6962,2,2.15,No
1830,"Research Scientist",6854,3,2.12,No
691,"Research Scientist",6646,4,2.05,No
347,"Research Scientist",6545,5,2.02,No
679,"Research Scientist",6322,6,1.95,No
96,"Research Scientist",6220,7,1.92,No
474,"Research Scientist",5974,8,1.84,No
1555,"Research Scientist",5878,9,1.81,No
441,"Research Scientist",5775,10,1.78,No
1932,"Research Scientist",5747,11,1.77,No
202,"Research Scientist",5605,12,1.73,No
630,"Research Scientist",5577,13,1.72,No
1580,"Research Scientist",5484,14,1.69,No
1671,"Research Scientist",5470,15,1.69,No
1934,"Research Scientist",5467,16,1.69,No
1392,"Research Scientist",5467,16,1.69,No
1658,"Research Scientist",5433,18,1.68,No
1998,"Research Scientist",5410,19,1.67,No
107,"Research Scientist",5329,20,1.64,No
1621,"Research Scientist",5208,21,1.61,No
865,"Research Scientist",5175,22,1.60,No
2,"Research Scientist",5130,23,1.58,No
2008,"Research Scientist",5098,24,1.57,No
439,"Research Scientist",5055,25,1.56,No
1956,"Research Scientist",5003,26,1.54,No
1235,"Research Scientist",4998,27,1.54,No
1745,"Research Scientist",4968,28,1.53,No
161,"Research Scientist",4963,29,1.53,Yes
433,"Research Scientist",4941,30,1.53,Yes
1704,"Research Scientist",4930,31,1.52,No
1483,"Research Scientist",4900,32,1.51,No
450,"Research Scientist",4869,33,1.50,No
423,"Research Scientist",4821,34,1.49,No
138,"Research Scientist",4809,35,1.48,No
2027,"Research Scientist",4787,36,1.48,Yes
1870,"Research Scientist",4774,37,1.47,No
1940,"Research Scientist",4771,38,1.47,No
171,"Research Scientist",4739,39,1.46,No
1668,"Research Scientist",4735,40,1.46,No
715,"Research Scientist",4680,41,1.44,No
949,"Research Scientist",4678,42,1.44,No
1346,"Research Scientist",4661,43,1.44,No
1080,"Research Scientist",4615,44,1.42,No
547,"Research Scientist",4556,45,1.41,No
1225,"Research Scientist",4541,46,1.40,No
1101,"Research Scientist",4508,47,1.39,Yes
151,"Research Scientist",4505,48,1.39,No
397,"Research Scientist",4485,49,1.38,No
1195,"Research Scientist",4477,50,1.38,No
529,"Research Scientist",4449,51,1.37,No
1180,"Research Scientist",4422,52,1.36,No
1707,"Research Scientist",4401,53,1.36,No
828,"Research Scientist",4382,54,1.35,Yes
804,"Research Scientist",4381,55,1.35,No
1976,"Research Scientist",4332,56,1.34,No
193,"Research Scientist",4317,57,1.33,No
1543,"Research Scientist",4285,58,1.32,No
1885,"Research Scientist",4284,59,1.32,No
791,"Research Scientist",4258,60,1.31,No
241,"Research Scientist",4257,61,1.31,No
1350,"Research Scientist",4249,62,1.31,No
2014,"Research Scientist",4108,63,1.27,No
1574,"Research Scientist",4087,64,1.26,No
1537,"Research Scientist",4084,65,1.26,Yes
1402,"Research Scientist",4081,66,1.26,No
24,"Research Scientist",3944,67,1.22,No
1640,"Research Scientist",3936,68,1.21,No
246,"Research Scientist",3929,69,1.21,No
340,"Research Scientist",3920,70,1.21,No
33,"Research Scientist",3919,71,1.21,Yes
1407,"Research Scientist",3904,72,1.20,No
1310,"Research Scientist",3904,72,1.20,Yes
1871,"Research Scientist",3902,74,1.20,No
277,"Research Scientist",3815,75,1.18,No
2054,"Research Scientist",3785,76,1.17,No
861,"Research Scientist",3761,77,1.16,No
1646,"Research Scientist",3760,78,1.16,No
1249,"Research Scientist",3760,78,1.16,No
452,"Research Scientist",3697,80,1.14,No
1257,"Research Scientist",3692,81,1.14,No
1097,"Research Scientist",3660,82,1.13,No
649,"Research Scientist",3622,83,1.12,No
964,"Research Scientist",3617,84,1.12,No
1834,"Research Scientist",3591,85,1.11,No
887,"Research Scientist",3580,86,1.10,No
1241,"Research Scientist",3579,87,1.10,No
267,"Research Scientist",3564,88,1.10,No
1340,"Research Scientist",3544,89,1.09,No
1694,"Research Scientist",3537,90,1.09,No
1647,"Research Scientist",3517,91,1.09,No
1291,"Research Scientist",3506,92,1.08,No
784,"Research Scientist",3505,93,1.08,No
440,"Research Scientist",3464,94,1.07,Yes
995,"Research Scientist",3452,95,1.07,No
192,"Research Scientist",3452,95,1.07,No
1751,"Research Scientist",3445,97,1.06,No
1720,"Research Scientist",3433,98,1.06,No
854,"Research Scientist",3424,99,1.06,No
1475,"Research Scientist",3420,100,1.06,No
1438,"Research Scientist",3420,100,1.06,No
51,"Research Scientist",3419,102,1.06,No
90,"Research Scientist",3388,103,1.05,Yes
1085,"Research Scientist",3376,104,1.04,No
2007,"Research Scientist",3375,105,1.04,No
702,"Research Scientist",3348,106,1.03,Yes
214,"Research Scientist",3346,107,1.03,No
335,"Research Scientist",3319,108,1.02,No
1607,"Research Scientist",3312,109,1.02,No
395,"Research Scientist",3310,110,1.02,No
21,"Research Scientist",3298,111,1.02,No
1143,"Research Scientist",3291,112,1.02,No
797,"Research Scientist",3280,113,1.01,No
379,"Research Scientist",3230,114,1.00,No
197,"Research Scientist",3204,115,0.99,No
1136,"Research Scientist",3201,116,0.99,No
1798,"Research Scientist",3143,117,0.97,No
1623,"Research Scientist",3117,118,0.96,No
510,"Research Scientist",3102,119,0.96,Yes
334,"Research Scientist",3072,120,0.95,No
1948,"Research Scientist",3065,121,0.95,No
233,"Research Scientist",3058,122,0.94,No
773,"Research Scientist",3057,123,0.94,No
1771,"Research Scientist",3055,124,0.94,No
231,"Research Scientist",3038,125,0.94,No
61,"Research Scientist",3022,126,0.93,No
1394,"Research Scientist",2996,127,0.92,No
1431,"Research Scientist",2996,127,0.92,No
1269,"Research Scientist",2994,129,0.92,No
1115,"Research Scientist",2979,130,0.92,No
2052,"Research Scientist",2977,131,0.92,No
1577,"Research Scientist",2972,132,0.92,No
31,"Research Scientist",2960,133,0.91,Yes
134,"Research Scientist",2956,134,0.91,No
1071,"Research Scientist",2942,135,0.91,No
1200,"Research Scientist",2936,136,0.91,Yes
1854,"Research Scientist",2936,136,0.91,No
1893,"Research Scientist",2933,138,0.91,No
1755,"Research Scientist",2932,139,0.90,No
1701,"Research Scientist",2929,140,0.90,No
16,"Research Scientist",2911,141,0.90,No
338,"Research Scientist",2911,141,0.90,No
5,"Research Scientist",2909,143,0.90,No
465,"Research Scientist",2904,144,0.90,No
1969,"Research Scientist",2897,145,0.89,No
143,"Research Scientist",2889,146,0.89,No
560,"Research Scientist",2886,147,0.89,No
1275,"Research Scientist",2875,148,0.89,No
1729,"Research Scientist",2862,149,0.88,No
105,"Research Scientist",2859,150,0.88,No
1203,"Research Scientist",2853,151,0.88,Yes
657,"Research Scientist",2836,152,0.88,No
1060,"Research Scientist",2821,153,0.87,No
705,"Research Scientist",2819,154,0.87,No
1605,"Research Scientist",2814,155,0.87,No
2048,"Research Scientist",2809,156,0.87,No
939,"Research Scientist",2799,157,0.86,No
802,"Research Scientist",2782,158,0.86,No
1999,"Research Scientist",2782,158,0.86,No
1238,"Research Scientist",2781,160,0.86,No
675,"Research Scientist",2773,161,0.86,No
579,"Research Scientist",2768,162,0.85,No
752,"Research Scientist",2759,163,0.85,Yes
252,"Research Scientist",2756,164,0.85,No
639,"Research Scientist",2725,165,0.84,No
353,"Research Scientist",2723,166,0.84,No
710,"Research Scientist",2720,167,0.84,No
1764,"Research Scientist",2718,168,0.84,No
221,"Research Scientist",2713,169,0.84,No
94,"Research Scientist",2703,170,0.83,No
1154,"Research Scientist",2703,170,0.83,No
824,"Research Scientist",2700,172,0.83,No
426,"Research Scientist",2695,173,0.83,No
923,"Research Scientist",2693,174,0.83,Yes
683,"Research Scientist",2691,175,0.83,No
780,"Research Scientist",2686,176,0.83,Yes
1006,"Research Scientist",2684,177,0.83,No
1873,"Research Scientist",2662,178,0.82,No
493,"Research Scientist",2657,179,0.82,No
297,"Research Scientist",2657,179,0.82,Yes
544,"Research Scientist",2654,181,0.82,No
46,"Research Scientist",2645,182,0.82,No
194,"Research Scientist",2632,183,0.81,No
305,"Research Scientist",2622,184,0.81,No
662,"Research Scientist",2619,185,0.81,No
159,"Research Scientist",2613,186,0.81,No
1382,"Research Scientist",2610,187,0.81,No
1016,"Research Scientist",2600,188,0.80,Yes
1265,"Research Scientist",2585,189,0.80,No
1648,"Research Scientist",2580,190,0.80,No
224,"Research Scientist",2566,191,0.79,No
913,"Research Scientist",2559,192,0.79,No
856,"Research Scientist",2559,192,0.79,No
838,"Research Scientist",2553,194,0.79,No
1193,"Research Scientist",2552,195,0.79,No
565,"Research Scientist",2546,196,0.79,Yes
501,"Research Scientist",2543,197,0.78,No
1162,"Research Scientist",2539,198,0.78,No
1259,"Research Scientist",2517,199,0.78,No
875,"Research Scientist",2515,200,0.78,No
1120,"Research Scientist",2514,201,0.78,No
826,"Research Scientist",2506,202,0.77,No
95,"Research Scientist",2501,203,0.77,No
242,"Research Scientist",2500,204,0.77,No
977,"Research Scientist",2479,205,0.77,Yes
434,"Research Scientist",2478,206,0.76,No
1878,"Research Scientist",2472,207,0.76,Yes
1081,"Research Scientist",2461,208,0.76,Yes
227,"Research Scientist",2451,209,0.76,No
1558,"Research Scientist",2451,209,0.76,No
2038,"Research Scientist",2439,211,0.75,No
1868,"Research Scientist",2439,211,0.75,Yes
1813,"Research Scientist",2438,213,0.75,No
1767,"Research Scientist",2437,214,0.75,Yes
2020,"Research Scientist",2436,215,0.75,No
1939,"Research Scientist",2432,216,0.75,Yes
994,"Research Scientist",2404,217,0.74,Yes
1405,"Research Scientist",2394,218,0.74,Yes
315,"Research Scientist",2389,219,0.74,Yes
930,"Research Scientist",2377,220,0.73,No
1292,"Research Scientist",2372,221,0.73,No
1308,"Research Scientist",2372,221,0.73,No
164,"Research Scientist",2368,223,0.73,No
1576,"Research Scientist",2367,224,0.73,No
848,"Research Scientist",2366,225,0.73,Yes
1522,"Research Scientist",2362,226,0.73,Yes
895,"Research Scientist",2356,227,0.73,No
1474,"Research Scientist",2345,228,0.72,No
1792,"Research Scientist",2342,229,0.72,Yes
763,"Research Scientist",2342,229,0.72,No
346,"Research Scientist",2340,231,0.72,No
284,"Research Scientist",2328,232,0.72,No
403,"Research Scientist",2326,233,0.72,No
217,"Research Scientist",2323,234,0.72,No
991,"Research Scientist",2321,235,0.72,Yes
933,"Research Scientist",2318,236,0.72,No
1108,"Research Scientist",2313,237,0.71,Yes
247,"Research Scientist",2311,238,0.71,No
1905,"Research Scientist",2307,239,0.71,Yes
45,"Research Scientist",2293,240,0.71,Yes
1206,"Research Scientist",2290,241,0.71,No
514,"Research Scientist",2285,242,0.71,Yes
260,"Research Scientist",2279,243,0.70,No
834,"Research Scientist",2274,244,0.70,No
945,"Research Scientist",2259,245,0.70,No
511,"Research Scientist",2244,246,0.69,No
1244,"Research Scientist",2235,247,0.69,No
1931,"Research Scientist",2226,248,0.69,No
741,"Research Scientist",2216,249,0.68,Yes
495,"Research Scientist",2201,250,0.68,No
88,"Research Scientist",2194,251,0.68,No
655,"Research Scientist",2187,252,0.68,No
309,"Research Scientist",2177,253,0.67,No
1202,"Research Scientist",2168,254,0.67,No
1947,"Research Scientist",2144,255,0.66,No
1609,"Research Scientist",2141,256,0.66,No
1937,"Research Scientist",2133,257,0.66,No
1546,"Research Scientist",2132,258,0.66,No
1004,"Research Scientist",2132,258,0.66,Yes
1448,"Research Scientist",2127,260,0.66,No
391,"Research Scientist",2115,261,0.65,No
1762,"Research Scientist",2109,262,0.65,No
1210,"Research Scientist",2107,263,0.65,Yes
1303,"Research Scientist",2096,264,0.65,No
262,"Research Scientist",2089,265,0.64,No
680,"Research Scientist",2083,266,0.64,No
1301,"Research Scientist",2080,267,0.64,No
1592,"Research Scientist",2073,268,0.64,No
1131,"Research Scientist",2070,269,0.64,No
377,"Research Scientist",2070,269,0.64,No
1441,"Research Scientist",2066,271,0.64,No
1581,"Research Scientist",2061,272,0.64,No
300,"Research Scientist",2058,273,0.64,Yes
700,"Research Scientist",2045,274,0.63,No
1799,"Research Scientist",2044,275,0.63,No
1053,"Research Scientist",2042,276,0.63,Yes
1374,"Research Scientist",2029,277,0.63,No
218,"Research Scientist",2024,278,0.62,No
881,"Research Scientist",2022,279,0.62,Yes
1246,"Research Scientist",2011,280,0.62,No
1068,"Research Scientist",2007,281,0.62,No
2051,"Research Scientist",2001,282,0.62,No
1248,"Research Scientist",1859,283,0.57,Yes
850,"Research Scientist",1706,284,0.53,No
1506,"Research Scientist",1563,285,0.48,No
1839,"Research Scientist",1514,286,0.47,No
1482,"Research Scientist",1274,287,0.39,No
1433,"Research Scientist",1261,288,0.39,Yes
30,"Research Scientist",1232,289,0.38,No
1270,"Research Scientist",1223,290,0.38,No
1012,"Research Scientist",1051,291,0.32,No
701,"Research Scientist",1009,292,0.31,Yes
131,"Sales Executive",13872,1,2.00,No
746,"Sales Executive",13770,2,1.99,No
1167,"Sales Executive",13758,3,1.99,Yes
1372,"Sales Executive",13695,4,1.98,Yes
404,"Sales Executive",13525,5,1.95,No
1975,"Sales Executive",13341,6,1.93,No
1039,"Sales Executive",13320,7,1.92,No
1863,"Sales Executive",13225,8,1.91,No
532,"Sales Executive",13212,9,1.91,No
986,"Sales Executive",13194,10,1.91,Yes
1138,"Sales Executive",13120,11,1.89,No
1716,"Sales Executive",12936,12,1.87,Yes
2056,"Sales Executive",12031,13,1.74,No
897,"Sales Executive",11836,14,1.71,No
862,"Sales Executive",10934,15,1.58,No
615,"Sales Executive",10932,16,1.58,No
215,"Sales Executive",10855,17,1.57,No
2055,"Sales Executive",10854,18,1.57,Yes
1076,"Sales Executive",10798,19,1.56,No
1453,"Sales Executive",10793,20,1.56,No
864,"Sales Executive",10761,21,1.55,No
1070,"Sales Executive",10686,22,1.54,No
307,"Sales Executive",10609,23,1.53,No
970,"Sales Executive",10609,23,1.53,Yes
1391,"Sales Executive",10596,25,1.53,No
729,"Sales Executive",10475,26,1.51,No
244,"Sales Executive",10453,27,1.51,No
1968,"Sales Executive",10448,28,1.51,Yes
1815,"Sales Executive",10447,29,1.51,No
2016,"Sales Executive",10422,30,1.51,No
291,"Sales Executive",10400,31,1.50,Yes
1243,"Sales Executive",10377,32,1.50,No
1732,"Sales Executive",10368,33,1.50,No
967,"Sales Executive",10325,34,1.49,Yes
1639,"Sales Executive",10306,35,1.49,Yes
573,"Sales Executive",10266,36,1.48,No
106,"Sales Executive",10239,37,1.48,No
1293,"Sales Executive",10231,38,1.48,No
1457,"Sales Executive",10096,39,1.46,Yes
1395,"Sales Executive",9998,40,1.44,No
293,"Sales Executive",9981,41,1.44,No
592,"Sales Executive",9980,42,1.44,No
1582,"Sales Executive",9924,43,1.43,No
1862,"Sales Executive",9907,44,1.43,Yes
1950,"Sales Executive",9888,45,1.43,No
1933,"Sales Executive",9854,46,1.42,Yes
1324,"Sales Executive",9852,47,1.42,No
154,"Sales Executive",9738,48,1.41,No
1047,"Sales Executive",9725,49,1.40,No
1562,"Sales Executive",9714,50,1.40,Yes
1882,"Sales Executive",9713,51,1.40,No
954,"Sales Executive",9705,52,1.40,No
481,"Sales Executive",9699,53,1.40,No
1833,"Sales Executive",9637,54,1.39,No
118,"Sales Executive",9619,55,1.39,Yes
1739,"Sales Executive",9610,56,1.39,No
656,"Sales Executive",9602,57,1.39,No
1100,"Sales Executive",9582,58,1.38,Yes
1700,"Sales Executive",9525,59,1.38,No
228,"Sales Executive",9419,60,1.36,No
488,"Sales Executive",9355,61,1.35,Yes
1425,"Sales Executive",9278,62,1.34,No
1568,"Sales Executive",9250,63,1.34,No
1708,"Sales Executive",9241,64,1.33,No
174,"Sales Executive",9208,65,1.33,No
1446,"Sales Executive",9204,66,1.33,No
1318,"Sales Executive",9094,67,1.31,Yes
580,"Sales Executive",9071,68,1.31,No
74,"Sales Executive",9069,69,1.31,No
207,"Sales Executive",8998,70,1.30,No
1218,"Sales Executive",8966,71,1.29,No
2037,"Sales Executive",8938,72,1.29,No
302,"Sales Executive",8865,73,1.28,No
626,"Sales Executive",8834,74,1.28,No
314,"Sales Executive",8789,75,1.27,No
1119,"Sales Executive",8740,76,1.26,No
56,"Sales Executive",8726,77,1.26,No
230,"Sales Executive",8686,78,1.25,No
183,"Sales Executive",8639,79,1.25,No
1951,"Sales Executive",8628,80,1.25,No
1497,"Sales Executive",8620,81,1.24,No
1758,"Sales Executive",8564,82,1.24,Yes
1469,"Sales Executive",8463,83,1.22,No
1319,"Sales Executive",8446,84,1.22,Yes
567,"Sales Executive",8412,85,1.21,No
1066,"Sales Executive",8396,86,1.21,No
534,"Sales Executive",8392,87,1.21,No
682,"Sales Executive",8381,88,1.21,No
1268,"Sales Executive",8380,89,1.21,No
1749,"Sales Executive",8346,90,1.21,No
463,"Sales Executive",8268,91,1.19,No
1588,"Sales Executive",8237,92,1.19,No
1157,"Sales Executive",8224,93,1.19,Yes
176,"Sales Executive",8189,94,1.18,No
1761,"Sales Executive",8161,95,1.18,Yes
712,"Sales Executive",8120,96,1.17,No
1915,"Sales Executive",8103,97,1.17,No
406,"Sales Executive",8020,98,1.16,No
1801,"Sales Executive",7991,99,1.15,No
312,"Sales Executive",7918,100,1.14,No
985,"Sales Executive",7880,101,1.14,No
1706,"Sales Executive",7847,102,1.13,No
984,"Sales Executive",7823,103,1.13,No
840,"Sales Executive",7654,104,1.11,Yes
2024,"Sales Executive",7644,105,1.10,No
904,"Sales Executive",7642,106,1.10,No
283,"Sales Executive",7639,107,1.10,Yes
81,"Sales Executive",7637,108,1.10,No
513,"Sales Executive",7596,109,1.10,No
789,"Sales Executive",7587,110,1.10,No
438,"Sales Executive",7547,111,1.09,No
1050,"Sales Executive",7525,112,1.09,No
453,"Sales Executive",7457,113,1.08,No
152,"Sales Executive",7428,114,1.07,No
1125,"Sales Executive",7351,115,1.06,No
1165,"Sales Executive",7336,116,1.06,Yes
1869,"Sales Executive",7314,117,1.06,Yes
204,"Sales Executive",7295,118,1.05,No
982,"Sales Executive",7264,119,1.05,No
1754,"Sales Executive",7140,120,1.03,No
677,"Sales Executive",7104,121,1.03,No
1535,"Sales Executive",7083,122,1.02,No
1678,"Sales Executive",7082,123,1.02,No
947,"Sales Executive",6932,124,1.00,No
349,"Sales Executive",6931,125,1.00,No
416,"Sales Executive",6929,126,1.00,No
1355,"Sales Executive",6893,127,1.00,No
1036,"Sales Executive",6861,128,0.99,No
1239,"Sales Executive",6852,129,0.99,No
1927,"Sales Executive",6834,130,0.99,No
35,"Sales Executive",6825,131,0.99,No
1585,"Sales Executive",6815,132,0.98,No
754,"Sales Executive",6804,133,0.98,No
1823,"Sales Executive",6799,134,0.98,No
723,"Sales Executive",6796,135,0.98,Yes
1734,"Sales Executive",6735,136,0.97,Yes
2044,"Sales Executive",6728,137,0.97,Yes
2035,"Sales Executive",6712,138,0.97,No
299,"Sales Executive",6696,139,0.97,Yes
1105,"Sales Executive",6694,140,0.97,No
479,"Sales Executive",6653,141,0.96,No
2045,"Sales Executive",6652,142,0.96,No
366,"Sales Executive",6644,143,0.96,No
1912,"Sales Executive",6583,144,0.95,No
604,"Sales Executive",6582,145,0.95,No
1179,"Sales Executive",6578,146,0.95,No
533,"Sales Executive",6577,147,0.95,No
523,"Sales Executive",6538,148,0.94,No
889,"Sales Executive",6524,149,0.94,No
378,"Sales Executive",6502,150,0.94,No
1898,"Sales Executive",6500,151,0.94,No
808,"Sales Executive",6500,151,0.94,No
1557,"Sales Executive",6439,153,0.93,No
785,"Sales Executive",6397,154,0.92,Yes
1560,"Sales Executive",6392,155,0.92,No
492,"Sales Executive",6380,156,0.92,Yes
449,"Sales Executive",6349,157,0.92,No
1040,"Sales Executive",6347,158,0.92,No
868,"Sales Executive",6334,159,0.91,No
786,"Sales Executive",6274,160,0.91,No
641,"Sales Executive",6272,161,0.91,No
936,"Sales Executive",6244,162,0.90,No
1399,"Sales Executive",6232,163,0.90,No
599,"Sales Executive",6230,164,0.90,No
458,"Sales Executive",6214,165,0.90,No
1304,"Sales Executive",6209,166,0.90,No
857,"Sales Executive",6201,167,0.90,No
781,"Sales Executive",6180,168,0.89,No
163,"Sales Executive",6172,169,0.89,Yes
1329,"Sales Executive",6151,170,0.89,No
160,"Sales Executive",6146,171,0.89,No
1733,"Sales Executive",6134,172,0.89,Yes
1356,"Sales Executive",6125,173,0.88,No
1390,"Sales Executive",6120,174,0.88,No
456,"Sales Executive",6118,175,0.88,No
1779,"Sales Executive",6029,176,0.87,No
1,"Sales Executive",5993,177,0.87,Yes
303,"Sales Executive",5940,178,0.86,No
182,"Sales Executive",5902,179,0.85,No
1650,"Sales Executive",5869,180,0.85,No
401,"Sales Executive",5828,181,0.84,Yes
1797,"Sales Executive",5813,182,0.84,Yes
62,"Sales Executive",5772,183,0.83,No
1403,"Sales Executive",5769,184,0.83,No
1487,"Sales Executive",5765,185,0.83,Yes
142,"Sales Executive",5744,186,0.83,Yes
1929,"Sales Executive",5736,187,0.83,No
516,"Sales Executive",5715,188,0.83,No
1163,"Sales Executive",5714,189,0.83,No
1986,"Sales Executive",5677,190,0.82,No
1849,"Sales Executive",5675,191,0.82,No
1880,"Sales Executive",5673,192,0.82,No
983,"Sales Executive",5666,193,0.82,No
1436,"Sales Executive",5647,194,0.82,No
1967,"Sales Executive",5617,195,0.81,Yes
382,"Sales Executive",5605,196,0.81,No
1117,"Sales Executive",5593,197,0.81,No
690,"Sales Executive",5561,198,0.80,No
1945,"Sales Executive",5561,198,0.80,No
1908,"Sales Executive",5507,200,0.80,No
1670,"Sales Executive",5505,201,0.80,No
1924,"Sales Executive",5487,202,0.79,No
1466,"Sales Executive",5486,203,0.79,No
420,"Sales Executive",5484,204,0.79,No
1673,"Sales Executive",5476,205,0.79,No
91,"Sales Executive",5473,206,0.79,No
1548,"Sales Executive",5473,206,0.79,No
1784,"Sales Executive",5468,208,0.79,No
653,"Sales Executive",5460,209,0.79,No
68,"Sales Executive",5454,210,0.79,No
120,"Sales Executive",5441,211,0.79,No
1645,"Sales Executive",5440,212,0.79,Yes
2036,"Sales Executive",5406,213,0.78,No
732,"Sales Executive",5405,214,0.78,No
722,"Sales Executive",5396,215,0.78,No
2065,"Sales Executive",5390,216,0.78,No
1935,"Sales Executive",5380,217,0.78,No
52,"Sales Executive",5376,218,0.78,No
1681,"Sales Executive",5368,219,0.78,No
1188,"Sales Executive",5346,220,0.77,Yes
2041,"Sales Executive",5343,221,0.77,No
621,"Sales Executive",5337,222,0.77,No
1613,"Sales Executive",5332,223,0.77,No
796,"Sales Executive",5326,224,0.77,Yes
819,"Sales Executive",5324,225,0.77,Yes
502,"Sales Executive",5304,226,0.77,Yes
747,"Sales Executive",5304,226,0.77,No
1479,"Sales Executive",5301,228,0.77,No
476,"Sales Executive",5296,229,0.76,No
498,"Sales Executive",5253,230,0.76,No
361,"Sales Executive",5249,231,0.76,No
445,"Sales Executive",5238,232,0.76,Yes
436,"Sales Executive",5228,233,0.76,No
1233,"Sales Executive",5220,234,0.75,No
121,"Sales Executive",5209,235,0.75,No
1962,"Sales Executive",5204,236,0.75,No
1254,"Sales Executive",5171,237,0.75,No
842,"Sales Executive",5160,238,0.75,Yes
1171,"Sales Executive",5155,239,0.74,No
1845,"Sales Executive",5154,240,0.74,No
1756,"Sales Executive",5147,241,0.74,No
1943,"Sales Executive",5087,242,0.73,No
990,"Sales Executive",5079,243,0.73,No
1371,"Sales Executive",5071,244,0.73,No
125,"Sales Executive",5010,245,0.72,No
240,"Sales Executive",5006,246,0.72,No
128,"Sales Executive",4999,247,0.72,No
1731,"Sales Executive",4978,248,0.72,No
1037,"Sales Executive",4969,249,0.72,Yes
1137,"Sales Executive",4968,250,0.72,No
728,"Sales Executive",4960,251,0.72,No
1240,"Sales Executive",4950,252,0.71,No
500,"Sales Executive",4936,253,0.71,No
916,"Sales Executive",4908,254,0.71,No
387,"Sales Executive",4907,255,0.71,No
2018,"Sales Executive",4907,255,0.71,No
1507,"Sales Executive",4898,257,0.71,No
620,"Sales Executive",4859,258,0.70,No
707,"Sales Executive",4851,259,0.70,No
2046,"Sales Executive",4850,260,0.70,No
606,"Sales Executive",4805,261,0.69,No
846,"Sales Executive",4779,262,0.69,No
1428,"Sales Executive",4779,262,0.69,No
1481,"Sales Executive",4768,264,0.69,No
1478,"Sales Executive",4759,265,0.69,No
475,"Sales Executive",4736,266,0.68,No
1113,"Sales Executive",4728,267,0.68,Yes
1387,"Sales Executive",4724,268,0.68,No
600,"Sales Executive",4717,269,0.68,No
631,"Sales Executive",4707,270,0.68,Yes
1836,"Sales Executive",4684,271,0.68,No
446,"Sales Executive",4682,272,0.68,No
195,"Sales Executive",4668,273,0.67,No
469,"Sales Executive",4649,274,0.67,No
1853,"Sales Executive",4648,275,0.67,No
714,"Sales Executive",4647,276,0.67,No
1598,"Sales Executive",4639,277,0.67,No
1362,"Sales Executive",4639,277,0.67,No
1380,"Sales Executive",4614,279,0.67,Yes
975,"Sales Executive",4601,280,0.66,No
1489,"Sales Executive",4599,281,0.66,Yes
1503,"Sales Executive",4591,282,0.66,No
1667,"Sales Executive",4581,283,0.66,Yes
720,"Sales Executive",4577,284,0.66,Yes
60,"Sales Executive",4568,285,0.66,No
175,"Sales Executive",4559,286,0.66,Yes
388,"Sales Executive",4554,287,0.66,No
1220,"Sales Executive",4539,288,0.66,No
1281,"Sales Executive",4538,289,0.66,No
903,"Sales Executive",4537,290,0.66,No
1757,"Sales Executive",4507,291,0.65,No
527,"Sales Executive",4487,292,0.65,No
437,"Sales Executive",4478,293,0.65,No
333,"Sales Executive",4465,294,0.64,No
1995,"Sales Executive",4440,295,0.64,No
859,"Sales Executive",4403,296,0.64,No
1909,"Sales Executive",4393,297,0.63,No
1612,"Sales Executive",4385,298,0.63,No
1477,"Sales Executive",4373,299,0.63,No
800,"Sales Executive",4342,300,0.63,No
1212,"Sales Executive",4327,301,0.62,No
100,"Sales Executive",4312,302,0.62,No
618,"Sales Executive",4306,303,0.62,No
1114,"Sales Executive",4302,304,0.62,No
956,"Sales Executive",4294,305,0.62,No
684,"Sales Executive",4286,306,0.62,Yes
507,"Sales Executive",4260,307,0.62,No
885,"Sales Executive",4256,308,0.61,No
650,"Sales Executive",4233,309,0.61,Yes
129,"Sales Executive",4221,310,0.61,No
1583,"Sales Executive",4198,311,0.61,No
879,"Sales Executive",4194,312,0.61,No
1787,"Sales Executive",4189,313,0.60,No
1669,"Sales Executive",4187,314,0.60,No
1003,"Sales Executive",4163,315,0.60,No
1445,"Sales Executive",4162,316,0.60,No
72,"Sales Executive",4157,317,0.60,No
1812,"Sales Executive",4127,318,0.60,No
1211,"Sales Executive",4115,319,0.59,No
1965,"Sales Executive",4105,320,0.59,No
1349,"Sales Executive",4103,321,0.59,No
1396,"Sales Executive",4078,322,0.59,No
595,"Sales Executive",4051,323,0.59,No
855,"Sales Executive",4037,324,0.58,No
709,"Sales Executive",4028,325,0.58,No
1774,"Sales Executive",4001,326,0.58,No
783,"Sales Representative",6632,1,2.53,No
1835,"Sales Representative",5405,2,2.06,No
1710,"Sales Representative",4502,3,1.71,No
1439,"Sales Representative",4400,4,1.68,Yes
330,"Sales Representative",3931,5,1.50,No
738,"Sales Representative",3875,6,1.48,No
1864,"Sales Representative",3540,7,1.35,No
2019,"Sales Representative",3482,8,1.33,No
669,"Sales Representative",3447,9,1.31,No
27,"Sales Representative",3407,10,1.30,Yes
925,"Sales Representative",3294,11,1.25,No
554,"Sales Representative",3202,12,1.22,Yes
248,"Sales Representative",3140,13,1.20,Yes
1996,"Sales Representative",3067,14,1.17,No
667,"Sales Representative",3041,15,1.16,Yes
585,"Sales Representative",2983,16,1.14,No
467,"Sales Representative",2976,17,1.13,No
900,"Sales Representative",2973,18,1.13,No
2060,"Sales Representative",2966,19,1.13,No
1486,"Sales Representative",2909,20,1.11,Yes
893,"Sales Representative",2899,21,1.10,No
1961,"Sales Representative",2858,22,1.09,No
1875,"Sales Representative",2856,23,1.09,No
485,"Sales Representative",2851,24,1.09,Yes
1190,"Sales Representative",2827,25,1.08,No
896,"Sales Representative",2800,26,1.07,Yes
311,"Sales Representative",2793,27,1.06,No
1135,"Sales Representative",2791,28,1.06,No
399,"Sales Representative",2789,29,1.06,No
1379,"Sales Representative",2785,30,1.06,Yes
1657,"Sales Representative",2783,31,1.06,No
1752,"Sales Representative",2760,32,1.05,Yes
1680,"Sales Representative",2728,33,1.04,No
494,"Sales Representative",2716,34,1.03,Yes
47,"Sales Representative",2683,35,1.02,Yes
1780,"Sales Representative",2679,36,1.02,Yes
1226,"Sales Representative",2678,37,1.02,No
1691,"Sales Representative",2655,38,1.01,Yes
1556,"Sales Representative",2644,39,1.01,No
749,"Sales Representative",2642,40,1.01,No
484,"Sales Representative",2610,41,0.99,No
666,"Sales Representative",2579,42,0.98,No
805,"Sales Representative",2572,43,0.98,No
1364,"Sales Representative",2534,44,0.96,No
508,"Sales Representative",2476,45,0.94,No
1554,"Sales Representative",2430,46,0.93,No
952,"Sales Representative",2413,47,0.92,Yes
1492,"Sales Representative",2404,48,0.92,No
632,"Sales Representative",2400,49,0.91,No
2021,"Sales Representative",2380,50,0.91,No
555,"Sales Representative",2351,51,0.90,Yes
1044,"Sales Representative",2342,52,0.89,No
941,"Sales Representative",2329,53,0.89,No
235,"Sales Representative",2325,54,0.89,Yes
1077,"Sales Representative",2323,55,0.88,Yes
113,"Sales Representative",2322,56,0.88,No
1541,"Sales Representative",2308,57,0.88,No
205,"Sales Representative",2306,58,0.88,No
1331,"Sales Representative",2302,59,0.88,Yes
766,"Sales Representative",2297,60,0.87,No
1702,"Sales Representative",2275,61,0.87,Yes
2013,"Sales Representative",2269,62,0.86,No
216,"Sales Representative",2231,63,0.85,No
1055,"Sales Representative",2220,64,0.85,No
478,"Sales Representative",2174,65,0.83,Yes
974,"Sales Representative",2157,66,0.82,No
959,"Sales Representative",2121,67,0.81,Yes
645,"Sales Representative",2096,68,0.80,No
42,"Sales Representative",2086,69,0.79,Yes
922,"Sales Representative",2044,70,0.78,Yes
648,"Sales Representative",2033,71,0.77,Yes
1495,"Sales Representative",2033,71,0.77,No
49,"Sales Representative",2014,73,0.77,No
614,"Sales Representative",1878,74,0.72,Yes
2023,"Sales Representative",1790,75,0.68,Yes
167,"Sales Representative",1675,76,0.64,Yes
1624,"Sales Representative",1569,77,0.60,Yes
1427,"Sales Representative",1359,78,0.52,Yes
411,"Sales Representative",1200,79,0.46,No
1273,"Sales Representative",1118,80,0.43,Yes
1928,"Sales Representative",1091,81,0.42,Yes
1876,"Sales Representative",1081,82,0.41,Yes
1056,"Sales Representative",1052,83,0.40,No
